{
    "info": {
        "year": "",
        "version": "",
        "contributor": "",
        "url": "https://voxel51.com/fiftyone",
        "date_created": "2023-10-12T14:22:59"
    },
    "licenses": [],
    "categories": [
        {
            "id": 0,
            "name": "1",
            "supercategory": null
        }
    ],
    "images": [
        {
            "id": 1,
            "file_name": "SN3_roads_train_AOI_2_Vegas_PS-MS_img1041.jpg",
            "height": 1300,
            "width": 1300,
            "license": null,
            "coco_url": null
        },
        {
            "id": 2,
            "file_name": "SN3_roads_train_AOI_2_Vegas_PS-MS_img1103.jpg",
            "height": 1300,
            "width": 1300,
            "license": null,
            "coco_url": null
        },
        {
            "id": 3,
            "file_name": "SN3_roads_train_AOI_2_Vegas_PS-RGB_img10.jpg",
            "height": 1300,
            "width": 1300,
            "license": null,
            "coco_url": null
        },
        {
            "id": 4,
            "file_name": "SN3_roads_train_AOI_2_Vegas_PS-RGB_img1039.jpg",
            "height": 1300,
            "width": 1300,
            "license": null,
            "coco_url": null
        },
        {
            "id": 5,
            "file_name": "SN3_roads_train_AOI_2_Vegas_PS-RGB_img1105.jpg",
            "height": 1300,
            "width": 1300,
            "license": null,
            "coco_url": null
        },
        {
            "id": 6,
            "file_name": "SN3_roads_train_AOI_2_Vegas_PS-RGB_img1113.jpg",
            "height": 1300,
            "width": 1300,
            "license": null,
            "coco_url": null
        }
    ],
    "annotations": [
        {
            "image_id": 1,
            "id": 1,
            "category_id": 0,
            "bbox": [
                313.3528904456861,
                422.8307790737008,
                31.42077378233057,
                22.944213204688992
            ],
            "area": 720.9249327180947,
            "iscrowd": 0
        },
        {
            "image_id": 1,
            "id": 2,
            "category_id": 0,
            "bbox": [
                386.19195694108873,
                438.12692121016016,
                39.99007572296614,
                19.120177670574037
            ],
            "area": 764.617352882822,
            "iscrowd": 0
        },
        {
            "image_id": 1,
            "id": 3,
            "category_id": 0,
            "bbox": [
                696.1150437940768,
                426.65481460781575,
                24.279688831800854,
                19.120177670574037
            ],
            "area": 464.23196425028453,
            "iscrowd": 0
        },
        {
            "image_id": 1,
            "id": 4,
            "category_id": 0,
            "bbox": [
                878.9268185276363,
                449.5990278125046,
                28.56433980211898,
                22.94421320468888
            ],
            "area": 655.3863024709984,
            "iscrowd": 0
        },
        {
            "image_id": 1,
            "id": 5,
            "category_id": 0,
            "bbox": [
                987.4713097756874,
                426.65481460781575,
                29.99255679222472,
                21.032195437631344
            ],
            "area": 630.8093161283277,
            "iscrowd": 0
        },
        {
            "image_id": 1,
            "id": 6,
            "category_id": 0,
            "bbox": [
                1074.5925461721495,
                458.89690666477856,
                33.54950793070907,
                17.470369886529625
            ],
            "area": 586.1223130605465,
            "iscrowd": 0
        },
        {
            "image_id": 1,
            "id": 7,
            "category_id": 0,
            "bbox": [
                1096.2510236315409,
                441.95095674427495,
                26.90090020421053,
                16.108105041657723
            ],
            "area": 433.3225262045749,
            "iscrowd": 0
        },
        {
            "image_id": 1,
            "id": 8,
            "category_id": 0,
            "bbox": [
                1130.0465839184442,
                430.4101807840151,
                24.40790465165219,
                18.43258733461164
            ],
            "area": 449.90083414645267,
            "iscrowd": 0
        },
        {
            "image_id": 1,
            "id": 9,
            "category_id": 0,
            "bbox": [
                1171.352268713548,
                456.3833720282407,
                31.779806568135655,
                16.15986898895278
            ],
            "area": 513.5575106353333,
            "iscrowd": 0
        },
        {
            "image_id": 1,
            "id": 10,
            "category_id": 0,
            "bbox": [
                1238.317545578338,
                333.2201748378806,
                17.52362385246829,
                31.838105396147512
            ],
            "area": 557.91898313733,
            "iscrowd": 0
        },
        {
            "image_id": 1,
            "id": 11,
            "category_id": 0,
            "bbox": [
                536.154740902212,
                1271.6064391453858,
                18.115630720842887,
                22.62181172884152
            ],
            "area": 409.80838751612544,
            "iscrowd": 0
        },
        {
            "image_id": 1,
            "id": 12,
            "category_id": 0,
            "bbox": [
                854.6471296958355,
                1241.17438337427,
                34.2772077625425,
                24.856230971746072
            ],
            "area": 852.0021932122838,
            "iscrowd": 0
        },
        {
            "image_id": 1,
            "id": 13,
            "category_id": 0,
            "bbox": [
                171.9594084251985,
                1264.1185965789587,
                19.94745567717115,
                31.78534405296068
            ],
            "area": 634.0367416800688,
            "iscrowd": 0
        },
        {
            "image_id": 1,
            "id": 14,
            "category_id": 0,
            "bbox": [
                447.6052875156441,
                1279.1470430549996,
                17.795277427035387,
                18.432587334611753
            ],
            "area": 328.0130053174749,
            "iscrowd": 0
        },
        {
            "image_id": 1,
            "id": 15,
            "category_id": 0,
            "bbox": [
                1253.3377945947393,
                298.03068992634917,
                35.04724770493681,
                30.162415638455514
            ],
            "area": 1057.1096522602102,
            "iscrowd": 0
        },
        {
            "image_id": 1,
            "id": 16,
            "category_id": 0,
            "bbox": [
                1137.5567084266447,
                1261.552300599234,
                20.026998688535514,
                15.08120781922753
            ],
            "area": 302.0313292172013,
            "iscrowd": 0
        },
        {
            "image_id": 1,
            "id": 17,
            "category_id": 0,
            "bbox": [
                143.0910547990649,
                1270.76859426654,
                11.891030471317805,
                25.13534636537929
            ],
            "area": 298.8851695378524,
            "iscrowd": 0
        },
        {
            "image_id": 2,
            "id": 18,
            "category_id": 0,
            "bbox": [
                400.0509617471962,
                1018.2202353905989,
                22.89119944602487,
                46.872456008527024
            ],
            "area": 1072.966739016219,
            "iscrowd": 0
        },
        {
            "image_id": 2,
            "id": 19,
            "category_id": 0,
            "bbox": [
                899.2971210938335,
                708.098985752786,
                14.170742514205813,
                19.62102809659268
            ],
            "area": 278.04453702081264,
            "iscrowd": 0
        },
        {
            "image_id": 2,
            "id": 20,
            "category_id": 0,
            "bbox": [
                449.7734994337486,
                658.5013869530654,
                26.036431908625104,
                20.20755981930131
            ],
            "area": 526.1327552747072,
            "iscrowd": 0
        },
        {
            "image_id": 2,
            "id": 21,
            "category_id": 0,
            "bbox": [
                408.7714186790152,
                653.0511013706786,
                14.17074251420587,
                25.616342237218305
            ],
            "area": 363.00258999939695,
            "iscrowd": 0
        },
        {
            "image_id": 2,
            "id": 22,
            "category_id": 0,
            "bbox": [
                646.4038700710827,
                269.3509963706431,
                26.161370795456946,
                17.44091386363789
            ],
            "area": 456.27821459825645,
            "iscrowd": 0
        },
        {
            "image_id": 2,
            "id": 23,
            "category_id": 0,
            "bbox": [
                663.299755376482,
                246.4597969246181,
                22.346170887786116,
                22.34617088778623
            ],
            "area": 499.3513533461423,
            "iscrowd": 0
        },
        {
            "image_id": 2,
            "id": 24,
            "category_id": 0,
            "bbox": [
                703.6318686861448,
                270.89467723669304,
                24.526285120741022,
                13.1720902063945
            ],
            "area": 323.062440038152,
            "iscrowd": 0
        },
        {
            "image_id": 2,
            "id": 25,
            "category_id": 0,
            "bbox": [
                1007.7578041833322,
                320.5836808450796,
                14.715771072444568,
                21.25611377130872
            ],
            "area": 312.80010414841547,
            "iscrowd": 0
        },
        {
            "image_id": 2,
            "id": 26,
            "category_id": 0,
            "bbox": [
                1032.8291178623117,
                311.8632239132605,
                22.34617088778623,
                17.440913863638002
            ],
            "area": 389.73764163601476,
            "iscrowd": 0
        },
        {
            "image_id": 2,
            "id": 27,
            "category_id": 0,
            "bbox": [
                934.1789488211094,
                166.36466591166484,
                13.216294666999374,
                21.777075281413744
            ],
            "area": 287.8122439045924,
            "iscrowd": 0
        },
        {
            "image_id": 2,
            "id": 28,
            "category_id": 0,
            "bbox": [
                450.19358910515547,
                158.16517048995092,
                15.26079963068321,
                20.166056654831465
            ],
            "area": 307.7501499503887,
            "iscrowd": 0
        },
        {
            "image_id": 2,
            "id": 29,
            "category_id": 0,
            "bbox": [
                101.37531183239577,
                194.13705533370418,
                16.350856747160634,
                26.16137079545709
            ],
            "area": 427.7608261858707,
            "iscrowd": 0
        },
        {
            "image_id": 2,
            "id": 30,
            "category_id": 0,
            "bbox": [
                18.403171007927522,
                330.3941948933759,
                18.113742394064506,
                15.805828188921964
            ],
            "area": 286.3027001389756,
            "iscrowd": 0
        },
        {
            "image_id": 2,
            "id": 31,
            "category_id": 0,
            "bbox": [
                102.46536894887315,
                585.4675601490815,
                17.985942421876672,
                20.711085213070078
            ],
            "area": 372.50838613685977,
            "iscrowd": 0
        },
        {
            "image_id": 2,
            "id": 32,
            "category_id": 0,
            "bbox": [
                489.524348810872,
                1181.728802862205,
                14.627067559913371,
                29.93597629974306
            ],
            "area": 437.87554780830726,
            "iscrowd": 0
        },
        {
            "image_id": 2,
            "id": 33,
            "category_id": 0,
            "bbox": [
                257.7985080468989,
                570.2067605183981,
                27.251427911934343,
                11.990628281251134
            ],
            "area": 326.7617422253165,
            "iscrowd": 0
        },
        {
            "image_id": 2,
            "id": 34,
            "category_id": 0,
            "bbox": [
                259.97862227985365,
                555.4909894459537,
                25.616342237218305,
                11.99062828125102
            ],
            "area": 307.15603769179484,
            "iscrowd": 0
        },
        {
            "image_id": 2,
            "id": 35,
            "category_id": 0,
            "bbox": [
                347.18319159804366,
                439.3999065411133,
                31.06662781960506,
                14.715771072444568
            ],
            "area": 457.1693829861458,
            "iscrowd": 0
        },
        {
            "image_id": 2,
            "id": 36,
            "category_id": 0,
            "bbox": [
                424.5772468679371,
                654.6861870453946,
                10.355542606535096,
                21.256113771308833
            ],
            "area": 220.11859180814602,
            "iscrowd": 0
        },
        {
            "image_id": 2,
            "id": 37,
            "category_id": 0,
            "bbox": [
                513.4169018608432,
                823.1000115411489,
                15.80582818892185,
                24.526285120741022
            ],
            "area": 387.658248730943,
            "iscrowd": 0
        },
        {
            "image_id": 2,
            "id": 38,
            "category_id": 0,
            "bbox": [
                557.5642150781767,
                804.5690405610335,
                22.346170887786116,
                45.2373703338111
            ],
            "area": 1010.8820079934088,
            "iscrowd": 0
        },
        {
            "image_id": 2,
            "id": 39,
            "category_id": 0,
            "bbox": [
                137.8922252343878,
                874.8777245738241,
                16.895885305399275,
                26.161370795456946
            ],
            "area": 442.01952039206276,
            "iscrowd": 0
        },
        {
            "image_id": 2,
            "id": 40,
            "category_id": 0,
            "bbox": [
                67.58354122159719,
                303.1427669814416,
                14.170742514205841,
                19.07599953835404
            ],
            "area": 270.32107765912457,
            "iscrowd": 0
        },
        {
            "image_id": 2,
            "id": 41,
            "category_id": 0,
            "bbox": [
                111.73085443893082,
                308.0480240055898,
                22.34617088778616,
                23.981256562502153
            ],
            "area": 535.8892572495164,
            "iscrowd": 0
        },
        {
            "image_id": 2,
            "id": 42,
            "category_id": 0,
            "bbox": [
                132.9869682102396,
                310.2281382385445,
                10.900571164773737,
                21.256113771308833
            ],
            "area": 231.703780850679,
            "iscrowd": 0
        },
        {
            "image_id": 2,
            "id": 43,
            "category_id": 0,
            "bbox": [
                428.93747533384663,
                198.4972837996138,
                26.706399353695645,
                13.62571395596703
            ],
            "area": 363.8937583872796,
            "iscrowd": 0
        },
        {
            "image_id": 2,
            "id": 44,
            "category_id": 0,
            "bbox": [
                471.4497028764642,
                161.98037039762175,
                15.260799630683266,
                22.346170887786002
            ],
            "area": 341.0204364315098,
            "iscrowd": 0
        },
        {
            "image_id": 2,
            "id": 45,
            "category_id": 0,
            "bbox": [
                812.6375803338823,
                338.0245947087176,
                31.61165637784393,
                15.80582818892185
            ],
            "area": 499.6484094754368,
            "iscrowd": 0
        },
        {
            "image_id": 2,
            "id": 46,
            "category_id": 0,
            "bbox": [
                852.4246650853064,
                349.47019443172996,
                20.166056654831436,
                45.782398892049684
            ],
            "area": 923.250449851166,
            "iscrowd": 0
        },
        {
            "image_id": 2,
            "id": 47,
            "category_id": 0,
            "bbox": [
                876.4059216478086,
                553.3108752129989,
                14.170742514205926,
                22.346170887786116
            ],
            "area": 316.6618338292615,
            "iscrowd": 0
        },
        {
            "image_id": 2,
            "id": 48,
            "category_id": 0,
            "bbox": [
                1230.674484502955,
                493.35773380674334,
                13.08068539772853,
                25.07131367897955
            ],
            "area": 327.9499667424993,
            "iscrowd": 0
        },
        {
            "image_id": 2,
            "id": 49,
            "category_id": 0,
            "bbox": [
                342.8229631321341,
                662.3165868607363,
                21.80114232954753,
                15.26079963068321
            ],
            "area": 332.70286481123105,
            "iscrowd": 0
        },
        {
            "image_id": 3,
            "id": 50,
            "category_id": 0,
            "bbox": [
                545.7905645081428,
                1164.3622946530995,
                13.486556787045856,
                21.78396684999575
            ],
            "area": 293.7907059695921,
            "iscrowd": 0
        },
        {
            "image_id": 3,
            "id": 51,
            "category_id": 0,
            "bbox": [
                907.2462235084893,
                979.1985764281363,
                21.278686106568443,
                15.919052698073756
            ],
            "area": 338.73652547623294,
            "iscrowd": 0
        },
        {
            "image_id": 3,
            "id": 52,
            "category_id": 0,
            "bbox": [
                1035.5441838569182,
                1076.388582374271,
                23.156217233618918,
                16.162489363922077
            ],
            "area": 374.26211474703484,
            "iscrowd": 0
        },
        {
            "image_id": 3,
            "id": 53,
            "category_id": 0,
            "bbox": [
                431.60500465577627,
                937.306332485837,
                23.78206094263561,
                14.243362940382099
            ],
            "area": 338.7365254762446,
            "iscrowd": 0
        },
        {
            "image_id": 3,
            "id": 54,
            "category_id": 0,
            "bbox": [
                206.30126940975433,
                976.6850417915985,
                23.782060942635667,
                16.557760212833387
            ],
            "area": 393.7776624551517,
            "iscrowd": 0
        },
        {
            "image_id": 3,
            "id": 55,
            "category_id": 0,
            "bbox": [
                329.59248008604965,
                817.4945148108609,
                8.13596821721751,
                15.919052698073756
            ],
            "area": 129.51690679973873,
            "iscrowd": 0
        },
        {
            "image_id": 3,
            "id": 56,
            "category_id": 0,
            "bbox": [
                130.57418061873037,
                806.6025313858631,
                24.658783458153607,
                10.974957994341821
            ],
            "area": 270.6291126448068,
            "iscrowd": 0
        },
        {
            "image_id": 3,
            "id": 57,
            "category_id": 0,
            "bbox": [
                129.3224932006969,
                755.7432993364768,
                22.761276072019882,
                13.156212501316986
            ],
            "area": 299.4521848046352,
            "iscrowd": 0
        },
        {
            "image_id": 3,
            "id": 58,
            "category_id": 0,
            "bbox": [
                128.69664949168018,
                783.9807196570216,
                25.6595920696858,
                15.081207819227643
            ],
            "area": 386.9776405595371,
            "iscrowd": 0
        },
        {
            "image_id": 3,
            "id": 59,
            "category_id": 0,
            "bbox": [
                426.0637172352655,
                813.305290416631,
                8.3978528111125,
                18.32542397351176
            ],
            "area": 153.89421323078415,
            "iscrowd": 0
        },
        {
            "image_id": 3,
            "id": 60,
            "category_id": 0,
            "bbox": [
                402.1903503319901,
                851.0083099647004,
                10.639343053284335,
                19.270432213457752
            ],
            "area": 205.02473910403842,
            "iscrowd": 0
        },
        {
            "image_id": 3,
            "id": 61,
            "category_id": 0,
            "bbox": [
                436.5610332491562,
                847.0892619010749,
                11.547047615279894,
                26.701127518882572
            ],
            "area": 308.3191908421974,
            "iscrowd": 0
        },
        {
            "image_id": 3,
            "id": 62,
            "category_id": 0,
            "bbox": [
                564.9097146763391,
                851.0083099647004,
                8.116426753396809,
                21.376756954263215
            ],
            "area": 173.50288204444323,
            "iscrowd": 0
        },
        {
            "image_id": 3,
            "id": 63,
            "category_id": 0,
            "bbox": [
                598.7052749632425,
                854.3596894800843,
                8.761811926234259,
                19.270432213457866
            ],
            "area": 168.84390279156398,
            "iscrowd": 0
        },
        {
            "image_id": 3,
            "id": 64,
            "category_id": 0,
            "bbox": [
                584.9367133648744,
                852.6839997223924,
                8.761811926234259,
                20.94612197114975
            ],
            "area": 183.52598129517733,
            "iscrowd": 0
        },
        {
            "image_id": 3,
            "id": 65,
            "category_id": 0,
            "bbox": [
                672.7506435616983,
                849.8999069030624,
                10.443532118802295,
                22.054525032787637
            ],
            "area": 230.32714054484694,
            "iscrowd": 0
        },
        {
            "image_id": 3,
            "id": 66,
            "category_id": 0,
            "bbox": [
                692.6955439880907,
                848.4945844020687,
                13.65484892602899,
                25.135537291473497
            ],
            "area": 343.2219643896385,
            "iscrowd": 0
        },
        {
            "image_id": 3,
            "id": 67,
            "category_id": 0,
            "bbox": [
                762.676326725625,
                854.3596894800843,
                10.848550569424447,
                16.620054937885584
            ],
            "area": 180.30350646026423,
            "iscrowd": 0
        },
        {
            "image_id": 3,
            "id": 68,
            "category_id": 0,
            "bbox": [
                826.5123850453311,
                848.4947753281624,
                8.946656731673784,
                26.70093659278882
            ],
            "area": 238.88411410986896,
            "iscrowd": 0
        },
        {
            "image_id": 3,
            "id": 69,
            "category_id": 0,
            "bbox": [
                796.4718870125283,
                850.1704650858544,
                8.544938324193481,
                20.809279332115466
            ],
            "area": 177.81400846384076,
            "iscrowd": 0
        },
        {
            "image_id": 3,
            "id": 70,
            "category_id": 0,
            "bbox": [
                854.0495082420672,
                848.4945844020687,
                8.702555171053746,
                21.7841577760895
            ],
            "area": 189.57783490135836,
            "iscrowd": 0
        },
        {
            "image_id": 3,
            "id": 71,
            "category_id": 0,
            "bbox": [
                882.6969638395133,
                848.4945844020687,
                13.646510818057777,
                23.890482516894963
            ],
            "area": 326.0217281154273,
            "iscrowd": 0
        },
        {
            "image_id": 3,
            "id": 72,
            "category_id": 0,
            "bbox": [
                864.851526615899,
                849.8999069030624,
                9.447584412501556,
                19.674515013913492
            ],
            "area": 185.87664136897692,
            "iscrowd": 0
        },
        {
            "image_id": 3,
            "id": 73,
            "category_id": 0,
            "bbox": [
                1084.3599931602228,
                854.3596894800843,
                9.333022558494804,
                20.83602244086694
            ],
            "area": 194.46306746991513,
            "iscrowd": 0
        },
        {
            "image_id": 3,
            "id": 74,
            "category_id": 0,
            "bbox": [
                1054.9453388364366,
                639.8714004955118,
                12.516874180334753,
                14.243362940381758
            ],
            "area": 178.28238182960132,
            "iscrowd": 0
        },
        {
            "image_id": 3,
            "id": 75,
            "category_id": 0,
            "bbox": [
                1207.0253601275015,
                985.9013354589043,
                20.026998688535286,
                20.10827709230375
            ],
            "area": 402.7084389562714,
            "iscrowd": 0
        },
        {
            "image_id": 3,
            "id": 76,
            "category_id": 0,
            "bbox": [
                1079.353243488089,
                411.9775934494034,
                13.768561598368024,
                25.42908550962352
            ],
            "area": 350.12193022941915,
            "iscrowd": 0
        },
        {
            "image_id": 3,
            "id": 77,
            "category_id": 0,
            "bbox": [
                362.2080734361436,
                237.51372480082088,
                14.322684826160582,
                24.489635335150837
            ],
            "area": 350.75732841297094,
            "iscrowd": 0
        },
        {
            "image_id": 3,
            "id": 78,
            "category_id": 0,
            "bbox": [
                170.6281779958009,
                314.15826037650004,
                21.90452981558542,
                29.9538978863784
            ],
            "area": 656.1260493451767,
            "iscrowd": 0
        },
        {
            "image_id": 3,
            "id": 79,
            "category_id": 0,
            "bbox": [
                1260.65745622729,
                69.45356920266968,
                15.836555601068312,
                24.142970285258684
            ],
            "area": 382.34149129743923,
            "iscrowd": 0
        },
        {
            "image_id": 3,
            "id": 80,
            "category_id": 0,
            "bbox": [
                1285.8816674636091,
                82.00894511846889,
                9.476127632665566,
                19.966043157919344
            ],
            "area": 189.20077328375277,
            "iscrowd": 0
        },
        {
            "image_id": 3,
            "id": 81,
            "category_id": 0,
            "bbox": [
                1067.4622130167713,
                20.70403502832752,
                13.128619890380833,
                23.638782342743813
            ],
            "area": 310.3445880493296,
            "iscrowd": 0
        },
        {
            "image_id": 3,
            "id": 82,
            "category_id": 0,
            "bbox": [
                1121.28477199221,
                31.59601845332536,
                16.514727698944398,
                30.324325199864834
            ],
            "area": 500.7979733300054,
            "iscrowd": 0
        },
        {
            "image_id": 3,
            "id": 83,
            "category_id": 0,
            "bbox": [
                704.4728617870695,
                261.1655152571257,
                12.233336493971024,
                20.473906922550327
            ],
            "area": 250.46419272980089,
            "iscrowd": 0
        },
        {
            "image_id": 3,
            "id": 84,
            "category_id": 0,
            "bbox": [
                1134.048111705318,
                419.7485572534672,
                10.316316961049552,
                22.59967664843856
            ],
            "area": 233.1454275225222,
            "iscrowd": 0
        },
        {
            "image_id": 3,
            "id": 85,
            "category_id": 0,
            "bbox": [
                1176.2512265459754,
                392.12673023870906,
                11.254163957508354,
                27.62182701475814
            ],
            "area": 310.8605700300216,
            "iscrowd": 0
        },
        {
            "image_id": 3,
            "id": 86,
            "category_id": 0,
            "bbox": [
                881.7672696578335,
                305.4946364196946,
                9.378469964590408,
                23.855214240018483
            ],
            "area": 223.72541024888275,
            "iscrowd": 0
        },
        {
            "image_id": 3,
            "id": 87,
            "category_id": 0,
            "bbox": [
                894.1035056191379,
                311.436207987885,
                9.234244957253736,
                22.93579303814772
            ],
            "area": 211.79473120313094,
            "iscrowd": 0
        },
        {
            "image_id": 3,
            "id": 88,
            "category_id": 0,
            "bbox": [
                723.2481730575713,
                269.5439640455856,
                11.277118156191136,
                19.270432213457696
            ],
            "area": 217.31494099203434,
            "iscrowd": 0
        },
        {
            "image_id": 3,
            "id": 89,
            "category_id": 0,
            "bbox": [
                138.99244846226537,
                636.9565605967933,
                17.867167935167544,
                12.968978444870231
            ],
            "area": 231.71891582206442,
            "iscrowd": 0
        },
        {
            "image_id": 3,
            "id": 90,
            "category_id": 0,
            "bbox": [
                127.44496207364669,
                771.4130464743316,
                25.659592069685814,
                10.054138546151876
            ],
            "area": 257.9850937063611,
            "iscrowd": 0
        },
        {
            "image_id": 3,
            "id": 91,
            "category_id": 0,
            "bbox": [
                1094.9993362135074,
                853.5218446012384,
                9.387655635250894,
                22.621811728841635
            ],
            "area": 212.36577835584495,
            "iscrowd": 0
        },
        {
            "image_id": 3,
            "id": 92,
            "category_id": 0,
            "bbox": [
                1205.1478290004513,
                856.0353792377764,
                7.510124508200761,
                20.108277092303638
            ],
            "area": 151.01566460860147,
            "iscrowd": 0
        },
        {
            "image_id": 3,
            "id": 93,
            "category_id": 0,
            "bbox": [
                1224.5489839799698,
                860.2246036320062,
                10.63934305328462,
                15.08120781922787
            ],
            "area": 160.45414364664373,
            "iscrowd": 0
        },
        {
            "image_id": 3,
            "id": 94,
            "category_id": 0,
            "bbox": [
                1137.5567084266447,
                56.731364818704954,
                2.503374836066996,
                7.5406039096139
            ],
            "area": 18.876958076075844,
            "iscrowd": 0
        },
        {
            "image_id": 3,
            "id": 95,
            "category_id": 0,
            "bbox": [
                378.4082893893544,
                239.3815484071301,
                11.891030471317833,
                20.10827709230361
            ],
            "area": 239.10813563028458,
            "iscrowd": 0
        },
        {
            "image_id": 3,
            "id": 96,
            "category_id": 0,
            "bbox": [
                187.52595813925248,
                317.30112213980686,
                16.897780143451712,
                20.946121971149694
            ],
            "area": 353.9429639264109,
            "iscrowd": 0
        },
        {
            "image_id": 3,
            "id": 97,
            "category_id": 0,
            "bbox": [
                139.3359925449645,
                646.5741595262796,
                21.278686106568728,
                13.405518061535872
            ],
            "area": 285.2518109273595,
            "iscrowd": 0
        },
        {
            "image_id": 4,
            "id": 98,
            "category_id": 0,
            "bbox": [
                517.9835888051141,
                76.08314119515741,
                18.228457544176536,
                16.268832598951192
            ],
            "area": 296.555724323297,
            "iscrowd": 0
        },
        {
            "image_id": 4,
            "id": 99,
            "category_id": 0,
            "bbox": [
                386.19195694108873,
                13.658976923416322,
                15.12950358129558,
                20.125199514467976
            ],
            "area": 304.4842781284313,
            "iscrowd": 0
        },
        {
            "image_id": 4,
            "id": 100,
            "category_id": 0,
            "bbox": [
                350.4865321884405,
                7.922923622244113,
                25.707905821906706,
                17.208159903516624
            ],
            "area": 442.38575416791656,
            "iscrowd": 0
        },
        {
            "image_id": 4,
            "id": 101,
            "category_id": 0,
            "bbox": [
                269.0781637524021,
                97.78775867394212,
                29.99255679222466,
                28.68026650586107
            ],
            "area": 860.1945219931769,
            "iscrowd": 0
        },
        {
            "image_id": 4,
            "id": 102,
            "category_id": 0,
            "bbox": [
                228.75872910417982,
                165.561720489389,
                22.481764304484386,
                25.216690528374357
            ],
            "area": 566.9156929980361,
            "iscrowd": 0
        },
        {
            "image_id": 4,
            "id": 103,
            "category_id": 0,
            "bbox": [
                239.69580363068573,
                192.40529427765844,
                30.988377825100116,
                29.283898678112166
            ],
            "area": 907.4605164292897,
            "iscrowd": 0
        },
        {
            "image_id": 4,
            "id": 104,
            "category_id": 0,
            "bbox": [
                115.74229233028537,
                231.4504925151414,
                17.655257362052865,
                28.858776358680103
            ],
            "area": 509.50912376642407,
            "iscrowd": 0
        },
        {
            "image_id": 4,
            "id": 105,
            "category_id": 0,
            "bbox": [
                34.32184863296354,
                268.8688074927291,
                36.45691508835306,
                33.35110682784995
            ],
            "area": 1215.8784697255173,
            "iscrowd": 0
        },
        {
            "image_id": 4,
            "id": 106,
            "category_id": 0,
            "bbox": [
                59.234073943338096,
                322.55595506926807,
                16.4056117897589,
                17.89571585884636
            ],
            "area": 293.59016708006516,
            "iscrowd": 0
        },
        {
            "image_id": 4,
            "id": 107,
            "category_id": 0,
            "bbox": [
                104.83320989021954,
                3.686836129824572,
                24.8842332239345,
                12.201624449213401
            ],
            "area": 303.62806850508764,
            "iscrowd": 0
        },
        {
            "image_id": 4,
            "id": 108,
            "category_id": 0,
            "bbox": [
                34.85057737502873,
                694.3373019958524,
                32.8489907724365,
                34.41631980703312
            ],
            "area": 1130.5413717624544,
            "iscrowd": 0
        },
        {
            "image_id": 4,
            "id": 109,
            "category_id": 0,
            "bbox": [
                246.98718664835636,
                457.5872656405631,
                24.304610058902,
                17.895715858846245
            ],
            "area": 434.9483956741665,
            "iscrowd": 0
        },
        {
            "image_id": 4,
            "id": 110,
            "category_id": 0,
            "bbox": [
                197.1627360276072,
                448.6394077111398,
                20.658918550066687,
                19.522599118741482
            ],
            "area": 403.31578507968396,
            "iscrowd": 0
        },
        {
            "image_id": 4,
            "id": 111,
            "category_id": 0,
            "bbox": [
                132.7555193715168,
                450.266290971035,
                25.519840561847104,
                23.589807268479206
            ],
            "area": 602.0081203762912,
            "iscrowd": 0
        },
        {
            "image_id": 4,
            "id": 112,
            "category_id": 0,
            "bbox": [
                79.12530406831273,
                457.2470988807342,
                39.99007572296618,
                40.152373108205495
            ],
            "area": 1605.6964410539288,
            "iscrowd": 0
        },
        {
            "image_id": 4,
            "id": 113,
            "category_id": 0,
            "bbox": [
                407.39761303710964,
                404.7135596939716,
                41.925452351606225,
                23.589807268479206
            ],
            "area": 989.0133406181991,
            "iscrowd": 0
        },
        {
            "image_id": 4,
            "id": 114,
            "category_id": 0,
            "bbox": [
                467.55152293289234,
                329.8769297387961,
                18.228457544176592,
                14.641949339055998
            ],
            "area": 266.90015189096675,
            "iscrowd": 0
        },
        {
            "image_id": 4,
            "id": 115,
            "category_id": 0,
            "bbox": [
                124.85652110237363,
                464.09479868014347,
                26.73507106479225,
                20.336040748689015
            ],
            "area": 543.6854945927118,
            "iscrowd": 0
        },
        {
            "image_id": 4,
            "id": 116,
            "category_id": 0,
            "bbox": [
                208.09981055411308,
                455.1469407507203,
                21.26653380153931,
                19.522599118741482
            ],
            "area": 415.1780140526173,
            "iscrowd": 0
        },
        {
            "image_id": 4,
            "id": 117,
            "category_id": 0,
            "bbox": [
                255.4938001689721,
                444.572199561402,
                18.228457544176536,
                17.082274228898882
            ],
            "area": 311.3835105394642,
            "iscrowd": 0
        },
        {
            "image_id": 4,
            "id": 118,
            "category_id": 0,
            "bbox": [
                437.17076035926476,
                438.8781081517692,
                23.089379555956953,
                15.455390969003531
            ],
            "area": 356.85538826903183,
            "iscrowd": 0
        },
        {
            "image_id": 4,
            "id": 119,
            "category_id": 0,
            "bbox": [
                426.23368583275885,
                432.37057511218865,
                21.874149053011763,
                10.574741189318331
            ],
            "area": 231.31346497217206,
            "iscrowd": 0
        },
        {
            "image_id": 4,
            "id": 120,
            "category_id": 0,
            "bbox": [
                398.28338426502154,
                417.7286257731325,
                23.089379555956896,
                13.015066079161102
            ],
            "area": 300.5098006476104,
            "iscrowd": 0
        },
        {
            "image_id": 4,
            "id": 121,
            "category_id": 0,
            "bbox": [
                699.6605489954069,
                529.1701290759482,
                15.797996538286156,
                27.657015418217156
            ],
            "area": 436.9254338363215,
            "iscrowd": 0
        },
        {
            "image_id": 4,
            "id": 122,
            "category_id": 0,
            "bbox": [
                668.6721711703066,
                446.19908282129717,
                20.05130329859412,
                20.336040748689015
            ],
            "area": 407.7641209445325,
            "iscrowd": 0
        },
        {
            "image_id": 4,
            "id": 123,
            "category_id": 0,
            "bbox": [
                732.4717725749246,
                567.4018856834836,
                26.73507106479235,
                24.40324889842691
            ],
            "area": 652.422593511259,
            "iscrowd": 0
        },
        {
            "image_id": 4,
            "id": 124,
            "category_id": 0,
            "bbox": [
                709.9900082704402,
                587.7379264321726,
                27.34268631626469,
                29.283898678112223
            ],
            "area": 800.7004556729007,
            "iscrowd": 0
        },
        {
            "image_id": 4,
            "id": 125,
            "category_id": 0,
            "bbox": [
                908.0725802504918,
                423.4227171827655,
                51.03968112369432,
                51.246822686696305
            ],
            "area": 2615.6214885314835,
            "iscrowd": 0
        },
        {
            "image_id": 4,
            "id": 126,
            "category_id": 0,
            "bbox": [
                929.3391140520308,
                435.6243416319789,
                42.53306760307885,
                46.366172907010935
            ],
            "area": 1972.095566749939,
            "iscrowd": 0
        },
        {
            "image_id": 4,
            "id": 127,
            "category_id": 0,
            "bbox": [
                942.7066495844269,
                442.1318746715594,
                42.53306760307862,
                46.36617290701088
            ],
            "area": 1972.095566749926,
            "iscrowd": 0
        },
        {
            "image_id": 4,
            "id": 128,
            "category_id": 0,
            "bbox": [
                89.61483651696564,
                230.63705088519382,
                23.69699480742949,
                31.724223567954795
            ],
            "area": 751.768761159557,
            "iscrowd": 0
        },
        {
            "image_id": 4,
            "id": 129,
            "category_id": 0,
            "bbox": [
                26.422850363820388,
                330.6903713687437,
                20.65891855006673,
                17.08227422889877
            ],
            "area": 352.9013119447236,
            "iscrowd": 0
        },
        {
            "image_id": 4,
            "id": 130,
            "category_id": 0,
            "bbox": [
                30.06854187265568,
                343.70543744790467,
                15.797996538286327,
                21.14948237863655
            ],
            "area": 334.11944940424786,
            "iscrowd": 0
        },
        {
            "image_id": 4,
            "id": 131,
            "category_id": 0,
            "bbox": [
                8.80200807111641,
                366.4818030864363,
                19.44368804712161,
                23.589807268479206
            ],
            "area": 458.6728536200316,
            "iscrowd": 0
        },
        {
            "image_id": 4,
            "id": 132,
            "category_id": 0,
            "bbox": [
                55.58838243450281,
                293.2720563911559,
                23.08937955595696,
                22.77636563853173
            ],
            "area": 525.8921511333151,
            "iscrowd": 0
        },
        {
            "image_id": 4,
            "id": 133,
            "category_id": 0,
            "bbox": [
                395.24530800765876,
                24.022876878513582,
                18.228457544176422,
                23.58980726847921
            ],
            "area": 430.00580026877765,
            "iscrowd": 0
        },
        {
            "image_id": 4,
            "id": 134,
            "category_id": 0,
            "bbox": [
                504.6160532727179,
                83.40411586468545,
                23.08937955595701,
                17.08227422889877
            ],
            "area": 394.4191133499865,
            "iscrowd": 0
        },
        {
            "image_id": 4,
            "id": 135,
            "category_id": 0,
            "bbox": [
                489.42567198590416,
                98.04606520374152,
                27.95030156773737,
                20.336040748689015
            ],
            "area": 568.3984716196536,
            "iscrowd": 0
        },
        {
            "image_id": 4,
            "id": 136,
            "category_id": 0,
            "bbox": [
                475.4505212020355,
                317.6753052895827,
                23.089379555956896,
                17.08227422889877
            ],
            "area": 394.41911334998457,
            "iscrowd": 0
        },
        {
            "image_id": 5,
            "id": 137,
            "category_id": 0,
            "bbox": [
                2.2083805209513026,
                1255.1395391103356,
                24.328793526455826,
                16.88764095761462
            ],
            "area": 410.85593000672486,
            "iscrowd": 0
        },
        {
            "image_id": 5,
            "id": 138,
            "category_id": 0,
            "bbox": [
                520.6340813110351,
                1239.343602177355,
                16.427774410299662,
                23.377986660811075
            ],
            "area": 384.048291030799,
            "iscrowd": 0
        },
        {
            "image_id": 5,
            "id": 139,
            "category_id": 0,
            "bbox": [
                538.9573681532924,
                1269.0399636113584,
                33.48738629791853,
                19.182006943568013
            ],
            "area": 642.3552764886176,
            "iscrowd": 0
        },
        {
            "image_id": 5,
            "id": 140,
            "category_id": 0,
            "bbox": [
                291.9089145214784,
                1253.8758641556972,
                24.641661615449493,
                15.206808550984533
            ],
            "area": 374.7210305642847,
            "iscrowd": 0
        },
        {
            "image_id": 5,
            "id": 141,
            "category_id": 0,
            "bbox": [
                192.71043058236125,
                1254.5077016330163,
                24.009824138130284,
                12.636749546384408
            ],
            "area": 303.4061342862873,
            "iscrowd": 0
        },
        {
            "image_id": 5,
            "id": 142,
            "category_id": 0,
            "bbox": [
                75.18865980098685,
                1197.0104911969677,
                16.427774410299662,
                27.16901152472633
            ],
            "area": 446.3263922790358,
            "iscrowd": 0
        },
        {
            "image_id": 5,
            "id": 143,
            "category_id": 0,
            "bbox": [
                312.85390713476784,
                1183.691959229898,
                16.965256025863653,
                24.691606558815465
            ],
            "area": 418.8994269601986,
            "iscrowd": 0
        },
        {
            "image_id": 5,
            "id": 144,
            "category_id": 0,
            "bbox": [
                347.51061252556946,
                999.6602491506228,
                31.594710237737445,
                16.012886055729382
            ],
            "area": 505.9224950006763,
            "iscrowd": 0
        },
        {
            "image_id": 5,
            "id": 145,
            "category_id": 0,
            "bbox": [
                109.9397210535438,
                998.1879954699887,
                27.169011524726344,
                13.694114872448267
            ],
            "area": 372.0555647904734,
            "iscrowd": 0
        },
        {
            "image_id": 5,
            "id": 146,
            "category_id": 0,
            "bbox": [
                40.437598548429904,
                971.444511794007,
                29.696361434003208,
                15.16409945566113
            ],
            "area": 450.3185782564842,
            "iscrowd": 0
        },
        {
            "image_id": 5,
            "id": 147,
            "category_id": 0,
            "bbox": [
                524.8584371460929,
                967.2706681766704,
                17.667044167610356,
                26.500566251415762
            ],
            "area": 468.18667443044666,
            "iscrowd": 0
        },
        {
            "image_id": 5,
            "id": 148,
            "category_id": 0,
            "bbox": [
                483.9875076265204,
                911.4199514486812,
                15.795936932980453,
                25.905336570088025
            ],
            "area": 409.19906268874263,
            "iscrowd": 0
        },
        {
            "image_id": 5,
            "id": 149,
            "category_id": 0,
            "bbox": [
                523.4773499589716,
                774.3112188704113,
                18.32328684225729,
                28.432686479364747
            ],
            "area": 520.9802700573708,
            "iscrowd": 0
        },
        {
            "image_id": 5,
            "id": 150,
            "category_id": 0,
            "bbox": [
                488.72628870641455,
                574.0187385602194,
                18.32328684225729,
                28.432686479364747
            ],
            "area": 520.9802700573708,
            "iscrowd": 0
        },
        {
            "image_id": 5,
            "id": 151,
            "category_id": 0,
            "bbox": [
                531.6912371641214,
                560.1183140591966,
                16.723258872118777,
                25.273499092768702
            ],
            "area": 422.65526793263007,
            "iscrowd": 0
        },
        {
            "image_id": 5,
            "id": 152,
            "category_id": 0,
            "bbox": [
                136.47689510095094,
                764.5177379719634,
                13.90042450102277,
                24.009824138130284
            ],
            "area": 333.7467477149141,
            "iscrowd": 0
        },
        {
            "image_id": 5,
            "id": 153,
            "category_id": 0,
            "bbox": [
                77.2933182332956,
                490.26047565118904,
                32.01456534292899,
                17.731246529172154
            ],
            "area": 567.6581506197648,
            "iscrowd": 0
        },
        {
            "image_id": 5,
            "id": 154,
            "category_id": 0,
            "bbox": [
                207.8745300380225,
                381.31370328425817,
                18.11640993932747,
                23.68851009307059
            ],
            "area": 429.1507596979631,
            "iscrowd": 0
        },
        {
            "image_id": 5,
            "id": 155,
            "category_id": 0,
            "bbox": [
                171.8597938308271,
                251.46570638875892,
                24.009824138130256,
                16.427774410299662
            ],
            "area": 394.42797457217137,
            "iscrowd": 0
        },
        {
            "image_id": 5,
            "id": 156,
            "category_id": 0,
            "bbox": [
                154.80018194320823,
                278.2559456398641,
                21.13413289257886,
                20.597571547836083
            ],
            "area": 435.31181435636904,
            "iscrowd": 0
        },
        {
            "image_id": 5,
            "id": 157,
            "category_id": 0,
            "bbox": [
                439.4429654755156,
                301.69678583563666,
                22.74614918349181,
                11.37307459174599
            ],
            "area": 258.6936513388345,
            "iscrowd": 0
        },
        {
            "image_id": 5,
            "id": 158,
            "category_id": 0,
            "bbox": [
                842.5552760051762,
                1258.2987264969317,
                13.268587023703617,
                25.90533657008791
            ],
            "area": 343.72721265854324,
            "iscrowd": 0
        },
        {
            "image_id": 5,
            "id": 159,
            "category_id": 0,
            "bbox": [
                858.9830504154759,
                1227.33869010829,
                25.273499092768702,
                16.427774410299662
            ],
            "area": 415.1873416549174,
            "iscrowd": 0
        },
        {
            "image_id": 5,
            "id": 160,
            "category_id": 0,
            "bbox": [
                536.7459369826751,
                230.93098837588445,
                13.900424501022826,
                22.11431170617243
            ],
            "area": 307.3983202637351,
            "iscrowd": 0
        },
        {
            "image_id": 5,
            "id": 161,
            "category_id": 0,
            "bbox": [
                594.8749848960431,
                248.62243774082253,
                26.53717404740712,
                17.059611887618757
            ],
            "area": 452.7138898429545,
            "iscrowd": 0
        },
        {
            "image_id": 5,
            "id": 162,
            "category_id": 0,
            "bbox": [
                530.7474518686297,
                515.2578531695322,
                10.421347455279943,
                22.746149183491752
            ],
            "area": 237.04552391079972,
            "iscrowd": 0
        },
        {
            "image_id": 5,
            "id": 163,
            "category_id": 0,
            "bbox": [
                25.273499092768695,
                692.4882655575726,
                23.377986660811025,
                24.00982413813017
            ],
            "area": 561.3013484296257,
            "iscrowd": 0
        },
        {
            "image_id": 5,
            "id": 164,
            "category_id": 0,
            "bbox": [
                1185.9003397508495,
                1230.8040770101925,
                19.961485712876765,
                16.753412372312596
            ],
            "area": 334.4230017118507,
            "iscrowd": 0
        },
        {
            "image_id": 5,
            "id": 165,
            "category_id": 0,
            "bbox": [
                1193.856913394661,
                1208.7202718006795,
                15.59948524633569,
                19.250255784929777
            ],
            "area": 300.2940811052003,
            "iscrowd": 0
        },
        {
            "image_id": 5,
            "id": 166,
            "category_id": 0,
            "bbox": [
                546.539417881123,
                956.9122498156651,
                24.641661615449493,
                11.373074591745763
            ],
            "area": 280.25145561706546,
            "iscrowd": 0
        },
        {
            "image_id": 5,
            "id": 167,
            "category_id": 0,
            "bbox": [
                577.183535531105,
                719.9320498301246,
                30.121107730503127,
                17.100757878452782
            ],
            "area": 515.0937703301264,
            "iscrowd": 0
        },
        {
            "image_id": 5,
            "id": 168,
            "category_id": 0,
            "bbox": [
                529.1638872548444,
                664.3714978168674,
                16.427774410299662,
                25.90533657008791
            ],
            "area": 425.5670251962902,
            "iscrowd": 0
        },
        {
            "image_id": 5,
            "id": 169,
            "category_id": 0,
            "bbox": [
                158.59120680712354,
                1273.4628259525928,
                12.004912069065114,
                16.427774410299662
            ],
            "area": 197.21398728608546,
            "iscrowd": 0
        },
        {
            "image_id": 5,
            "id": 170,
            "category_id": 0,
            "bbox": [
                125.10382050920502,
                1198.9060036289252,
                13.900424501022783,
                30.960036388641583
            ],
            "area": 430.3576483692304,
            "iscrowd": 0
        },
        {
            "image_id": 5,
            "id": 171,
            "category_id": 0,
            "bbox": [
                312.12771379569335,
                1279.781200725785,
                13.90042450102277,
                17.059611887618757
            ],
            "area": 237.13584706059507,
            "iscrowd": 0
        },
        {
            "image_id": 5,
            "id": 172,
            "category_id": 0,
            "bbox": [
                319.7097635235239,
                1022.6233474568636,
                15.795936932980453,
                23.37798666081096
            ],
            "area": 369.27720291422827,
            "iscrowd": 0
        },
        {
            "image_id": 5,
            "id": 173,
            "category_id": 0,
            "bbox": [
                219.2476046297684,
                1033.3645845712904,
                11.373074591745905,
                24.00982413813017
            ],
            "area": 273.06552085765577,
            "iscrowd": 0
        },
        {
            "image_id": 5,
            "id": 174,
            "category_id": 0,
            "bbox": [
                550.3304427450382,
                943.0118253146422,
                27.80084900204554,
                14.532261978341808
            ],
            "area": 404.0092209180482,
            "iscrowd": 0
        },
        {
            "image_id": 5,
            "id": 175,
            "category_id": 0,
            "bbox": [
                563.9149485074014,
                557.5909641499197,
                25.90533657008791,
                10.109399637107458
            ],
            "area": 261.8874001207933,
            "iscrowd": 0
        },
        {
            "image_id": 5,
            "id": 176,
            "category_id": 0,
            "bbox": [
                559.4920861661669,
                540.5313522623009,
                24.009824138130284,
                14.532261978341921
            ],
            "area": 348.9170544292268,
            "iscrowd": 0
        },
        {
            "image_id": 5,
            "id": 177,
            "category_id": 0,
            "bbox": [
                436.28377808891946,
                285.9008489026562,
                25.905336570087968,
                15.164099455661244
            ],
            "area": 392.83110018119226,
            "iscrowd": 0
        },
        {
            "image_id": 5,
            "id": 178,
            "category_id": 0,
            "bbox": [
                461.5572771816882,
                285.9008489026562,
                24.009824138130284,
                17.05961188761887
            ],
            "area": 409.5982812864859,
            "iscrowd": 0
        },
        {
            "image_id": 5,
            "id": 179,
            "category_id": 0,
            "bbox": [
                534.2185870733982,
                208.8166766697118,
                15.795936932980453,
                25.27349909276859
            ],
            "area": 399.2185977451113,
            "iscrowd": 0
        },
        {
            "image_id": 5,
            "id": 180,
            "category_id": 0,
            "bbox": [
                373.73186783431703,
                84.02877489916636,
                24.641661615449493,
                13.268587023703503
            ],
            "area": 326.96003155324587,
            "iscrowd": 0
        },
        {
            "image_id": 5,
            "id": 181,
            "category_id": 0,
            "bbox": [
                366.7816555838056,
                72.02386283010128,
                28.432686479364804,
                15.164099455661258
            ],
            "area": 431.15608556472307,
            "iscrowd": 0
        },
        {
            "image_id": 5,
            "id": 182,
            "category_id": 0,
            "bbox": [
                352.5653123441233,
                18.94951473528704,
                24.009824138130284,
                15.164099455661244
            ],
            "area": 364.08736114354366,
            "iscrowd": 0
        },
        {
            "image_id": 5,
            "id": 183,
            "category_id": 0,
            "bbox": [
                327.92365072867375,
                8.208277620860372,
                27.169011524726386,
                15.164099455661017
            ],
            "area": 411.9935928729513,
            "iscrowd": 0
        },
        {
            "image_id": 5,
            "id": 184,
            "category_id": 0,
            "bbox": [
                125.10382050920502,
                5.680927711583308,
                13.268587023703574,
                20.85063675153424
            ],
            "area": 276.65848823736405,
            "iscrowd": 0
        },
        {
            "image_id": 5,
            "id": 185,
            "category_id": 0,
            "bbox": [
                144.69078230610074,
                511.78274704427645,
                13.900424501022798,
                19.586961796895707
            ],
            "area": 272.2670836621666,
            "iscrowd": 0
        },
        {
            "image_id": 6,
            "id": 186,
            "category_id": 0,
            "bbox": [
                90.5436013590034,
                1205.6882582823775,
                20.6095228081944,
                28.068970749292475
            ],
            "area": 578.4880928600846,
            "iscrowd": 0
        },
        {
            "image_id": 6,
            "id": 187,
            "category_id": 0,
            "bbox": [
                71.85656511818848,
                1160.216525668524,
                22.455176599433898,
                25.82345308934896
            ],
            "area": 579.8701995285278,
            "iscrowd": 0
        },
        {
            "image_id": 6,
            "id": 188,
            "category_id": 0,
            "bbox": [
                467.06767326822506,
                1247.7917144063163,
                20.77103835447639,
                23.01655601441962
            ],
            "area": 478.0777677634641,
            "iscrowd": 0
        },
        {
            "image_id": 6,
            "id": 189,
            "category_id": 0,
            "bbox": [
                496.88561721404307,
                1279.2289616455237,
                30.249653457667762,
                17.826530993207825
            ],
            "area": 539.2463848969106,
            "iscrowd": 0
        },
        {
            "image_id": 6,
            "id": 190,
            "category_id": 0,
            "bbox": [
                775.1415628539072,
                1138.322728484076,
                22.5785858409821,
                20.20965893949051
            ],
            "area": 456.30551918225774,
            "iscrowd": 0
        },
        {
            "image_id": 6,
            "id": 191,
            "category_id": 0,
            "bbox": [
                1147.6217440543603,
                1068.7116810258308,
                32.67847595338412,
                22.228296324112534
            ],
            "area": 726.3868469122082,
            "iscrowd": 0
        },
        {
            "image_id": 6,
            "id": 192,
            "category_id": 0,
            "bbox": [
                931.328449461521,
                1017.3272933182333,
                23.42806242975871,
                17.14024339346099
            ],
            "area": 401.5626922832634,
            "iscrowd": 0
        },
        {
            "image_id": 6,
            "id": 193,
            "category_id": 0,
            "bbox": [
                953.222246645969,
                969.3475245733359,
                19.086900109518865,
                23.01655601441962
            ],
            "area": 439.31470551237294,
            "iscrowd": 0
        },
        {
            "image_id": 6,
            "id": 194,
            "category_id": 0,
            "bbox": [
                817.0877385119011,
                799.4337485843714,
                24.30523997054513,
                25.07788692261579
            ],
            "area": 609.5240596083723,
            "iscrowd": 0
        },
        {
            "image_id": 6,
            "id": 195,
            "category_id": 0,
            "bbox": [
                830.8415341790543,
                1023.2399484119771,
                15.718623619603704,
                20.77103835447633
            ],
            "area": 326.49213408236614,
            "iscrowd": 0
        },
        {
            "image_id": 6,
            "id": 196,
            "category_id": 0,
            "bbox": [
                344.12558138632454,
                1170.882734553255,
                20.20965893949051,
                23.016556014419848
            ],
            "area": 465.1567470131041,
            "iscrowd": 0
        },
        {
            "image_id": 6,
            "id": 197,
            "category_id": 0,
            "bbox": [
                261.3250283125708,
                967.6633863283782,
                14.31226444548031,
                21.691087057805134
            ],
            "area": 310.4485740812425,
            "iscrowd": 0
        },
        {
            "image_id": 6,
            "id": 198,
            "category_id": 0,
            "bbox": [
                348.6166167062113,
                860.4399180660815,
                27.507591334306483,
                23.01655601441962
            ],
            "area": 633.1300167678289,
            "iscrowd": 0
        },
        {
            "image_id": 6,
            "id": 199,
            "category_id": 0,
            "bbox": [
                485.873883670251,
                680.1812004530011,
                30.314488409235707,
                16.055238729719918
            ],
            "area": 486.70634837960665,
            "iscrowd": 0
        },
        {
            "image_id": 6,
            "id": 200,
            "category_id": 0,
            "bbox": [
                367.1421374007443,
                106.7880534475812,
                31.437247239207466,
                17.96414127954698
            ],
            "area": 564.7431508451712,
            "iscrowd": 0
        },
        {
            "image_id": 6,
            "id": 201,
            "category_id": 0,
            "bbox": [
                1142.1264197887067,
                244.3260101191138,
                24.139314844391492,
                16.280003034589527
            ],
            "area": 392.9881189196055,
            "iscrowd": 0
        },
        {
            "image_id": 6,
            "id": 202,
            "category_id": 0,
            "bbox": [
                1203.316776022164,
                674.6233317057658,
                15.718623619603704,
                25.823453089349073
            ],
            "area": 405.90913966997056,
            "iscrowd": 0
        },
        {
            "image_id": 6,
            "id": 203,
            "category_id": 0,
            "bbox": [
                1181.422978837716,
                652.2083805209513,
                16.255390358207023,
                29.712883579630557
            ],
            "area": 482.99452125485436,
            "iscrowd": 0
        },
        {
            "image_id": 6,
            "id": 204,
            "category_id": 0,
            "bbox": [
                1141.003660958735,
                656.6591904262189,
                14.59586478963206,
                20.209658939490396
            ],
            "area": 294.9774493253807,
            "iscrowd": 0
        },
        {
            "image_id": 6,
            "id": 205,
            "category_id": 0,
            "bbox": [
                1191.5278083074613,
                1020.9944307520338,
                25.82345308934896,
                19.086900109518638
            ],
            "area": 492.88966959924403,
            "iscrowd": 0
        },
        {
            "image_id": 6,
            "id": 206,
            "category_id": 0,
            "bbox": [
                210.5172806196928,
                1169.7599757232833,
                16.841382449575434,
                26.38483250433478
            ],
            "area": 444.3570550734912,
            "iscrowd": 0
        },
        {
            "image_id": 6,
            "id": 207,
            "category_id": 0,
            "bbox": [
                257.1117720635182,
                1247.7917144063163,
                15.157244204617882,
                21.893797184447976
            ],
            "area": 331.8496304910534,
            "iscrowd": 0
        },
        {
            "image_id": 6,
            "id": 208,
            "category_id": 0,
            "bbox": [
                234.65659546408426,
                1170.882734553255,
                14.595864789632003,
                16.841382449575576
            ],
            "area": 245.81454110448652,
            "iscrowd": 0
        },
        {
            "image_id": 6,
            "id": 209,
            "category_id": 0,
            "bbox": [
                168.9752039107401,
                1155.725490348637,
                10.104829469745226,
                16.280003034589754
            ],
            "area": 164.50665443146426,
            "iscrowd": 0
        },
        {
            "image_id": 6,
            "id": 210,
            "category_id": 0,
            "bbox": [
                179.08003338048533,
                1152.918593273708,
                14.034485374646238,
                19.086900109518865
            ],
            "area": 267.8748204343762,
            "iscrowd": 0
        },
        {
            "image_id": 6,
            "id": 211,
            "category_id": 0,
            "bbox": [
                686.0056451127057,
                1133.2703137492033,
                14.595864789631946,
                24.139314844391492
            ],
            "area": 352.33417558309355,
            "iscrowd": 0
        },
        {
            "image_id": 6,
            "id": 212,
            "category_id": 0,
            "bbox": [
                209.39452178972113,
                977.2068363831377,
                24.139314844391407,
                21.33241776946204
            ],
            "area": 514.949948929134,
            "iscrowd": 0
        },
        {
            "image_id": 6,
            "id": 213,
            "category_id": 0,
            "bbox": [
                267.21660153326343,
                951.3833832937887,
                12.3503471296886,
                17.96414127954722
            ],
            "area": 221.86338068917652,
            "iscrowd": 0
        },
        {
            "image_id": 6,
            "id": 214,
            "category_id": 0,
            "bbox": [
                275.6372927580511,
                973.8385598932226,
                21.33241776946221,
                25.262073674363137
            ],
            "area": 538.9011093444477,
            "iscrowd": 0
        },
        {
            "image_id": 6,
            "id": 215,
            "category_id": 0,
            "bbox": [
                279.0055692479662,
                946.8923479739019,
                17.402761864561285,
                23.016556014419848
            ],
            "area": 400.5516432612844,
            "iscrowd": 0
        },
        {
            "image_id": 6,
            "id": 216,
            "category_id": 0,
            "bbox": [
                955.4677643059124,
                991.8027011727697,
                11.227588299717013,
                28.06897074929236
            ],
            "area": 315.146847569854,
            "iscrowd": 0
        },
        {
            "image_id": 6,
            "id": 217,
            "category_id": 0,
            "bbox": [
                1177.493322932815,
                713.9198907547752,
                15.718623619603704,
                25.82345308934896
            ],
            "area": 405.9091396699688,
            "iscrowd": 0
        },
        {
            "image_id": 6,
            "id": 218,
            "category_id": 0,
            "bbox": [
                1179.7388405927586,
                759.9530027836147,
                17.964141279546993,
                24.13931484439138
            ],
            "area": 433.6420622561127,
            "iscrowd": 0
        },
        {
            "image_id": 6,
            "id": 219,
            "category_id": 0,
            "bbox": [
                930.4863803390422,
                705.2185098224945,
                13.47310595966053,
                25.262073674363137
            ],
            "area": 340.35859537544536,
            "iscrowd": 0
        },
        {
            "image_id": 6,
            "id": 220,
            "category_id": 0,
            "bbox": [
                478.575951275435,
                510.9812322373914,
                30.314488409235764,
                17.40276186456117
            ],
            "area": 527.5558228319298,
            "iscrowd": 0
        },
        {
            "image_id": 6,
            "id": 221,
            "category_id": 0,
            "bbox": [
                288.82970901021855,
                542.4184794765988,
                16.841382449575406,
                24.700694259377315
            ],
            "area": 415.99383879220505,
            "iscrowd": 0
        },
        {
            "image_id": 6,
            "id": 222,
            "category_id": 0,
            "bbox": [
                255.98901323354644,
                635.0460829492637,
                27.507591334306568,
                15.718623619603704
            ],
            "area": 432.3814748658374,
            "iscrowd": 0
        },
        {
            "image_id": 6,
            "id": 223,
            "category_id": 0,
            "bbox": [
                38.17380021903763,
                261.16739256868914,
                26.946211919320675,
                14.034485374646238
            ],
            "area": 378.17621708382416,
            "iscrowd": 0
        },
        {
            "image_id": 6,
            "id": 224,
            "category_id": 0,
            "bbox": [
                504.6800940722769,
                185.38117154559976,
                15.157244204617882,
                20.771038354476303
            ],
            "area": 314.8317007222817,
            "iscrowd": 0
        },
        {
            "image_id": 6,
            "id": 225,
            "category_id": 0,
            "bbox": [
                515.9076823719938,
                184.25841271562808,
                17.964141279547107,
                22.455176599434026
            ],
            "area": 403.387964889413,
            "iscrowd": 0
        }
    ]
}