{
    "info": {
        "year": "",
        "version": "",
        "contributor": "",
        "url": "https://voxel51.com/fiftyone",
        "date_created": "2023-10-12T14:22:59"
    },
    "licenses": [],
    "categories": [
        {
            "id": 0,
            "name": "1",
            "supercategory": null
        }
    ],
    "images": [
        {
            "id": 1,
            "file_name": "SN3_roads_train_AOI_2_Vegas_PS-MS_img1041.jpg",
            "height": 1300,
            "width": 1300,
            "license": null,
            "coco_url": null
        },
        {
            "id": 2,
            "file_name": "SN3_roads_train_AOI_2_Vegas_PS-MS_img1103.jpg",
            "height": 1300,
            "width": 1300,
            "license": null,
            "coco_url": null
        },
        {
            "id": 3,
            "file_name": "SN3_roads_train_AOI_2_Vegas_PS-RGB_img1039.jpg",
            "height": 1300,
            "width": 1300,
            "license": null,
            "coco_url": null
        },
        {
            "id": 4,
            "file_name": "SN3_roads_train_AOI_2_Vegas_PS-RGB_img1113.jpg",
            "height": 1300,
            "width": 1300,
            "license": null,
            "coco_url": null
        }
    ],
    "annotations": [
        {
            "image_id": 1,
            "id": 1,
            "category_id": 0,
            "bbox": [
                426.13403320312506,
                533.7356567382812,
                20.418914794921818,
                22.0751953125
            ],
            "area": 450.751532167195,
            "iscrowd": 0,
            "score": 1.0
        },
        {
            "image_id": 1,
            "id": 2,
            "category_id": 0,
            "bbox": [
                285.81903076171875,
                941.4846801757812,
                22.09112548828125,
                20.2474365234375
            ],
            "area": 447.28866105526686,
            "iscrowd": 0,
            "score": 1.0
        },
        {
            "image_id": 1,
            "id": 3,
            "category_id": 0,
            "bbox": [
                567.154541015625,
                855.4203491210938,
                19.449462890625,
                19.693603515625
            ],
            "area": 383.0300107598305,
            "iscrowd": 0,
            "score": 1.0
        },
        {
            "image_id": 1,
            "id": 4,
            "category_id": 0,
            "bbox": [
                252.68667602539065,
                961.4052734375,
                20.43054199218747,
                21.622314453125
            ],
            "area": 441.7556034028524,
            "iscrowd": 0,
            "score": 1.0
        },
        {
            "image_id": 1,
            "id": 5,
            "category_id": 0,
            "bbox": [
                919.6660766601562,
                538.4033203125,
                22.66668701171875,
                19.364013671875
            ],
            "area": 438.91803719103336,
            "iscrowd": 0,
            "score": 1.0
        },
        {
            "image_id": 1,
            "id": 6,
            "category_id": 0,
            "bbox": [
                446.17523193359375,
                659.7702026367188,
                22.311798095703125,
                16.52880859375
            ],
            "area": 368.7874401062727,
            "iscrowd": 0,
            "score": 1.0
        },
        {
            "image_id": 1,
            "id": 7,
            "category_id": 0,
            "bbox": [
                343.1830139160156,
                528.6570434570312,
                18.146118164062557,
                22.64300537109375
            ],
            "area": 410.88265105337035,
            "iscrowd": 0,
            "score": 1.0
        },
        {
            "image_id": 1,
            "id": 8,
            "category_id": 0,
            "bbox": [
                1075.79296875,
                541.1663818359375,
                20.6099853515625,
                19.1024169921875
            ],
            "area": 393.70053438842297,
            "iscrowd": 0,
            "score": 1.0
        },
        {
            "image_id": 1,
            "id": 9,
            "category_id": 0,
            "bbox": [
                190.8917694091797,
                800.8154907226564,
                22.987777709960938,
                18.611267089843636
            ],
            "area": 427.8316707620371,
            "iscrowd": 0,
            "score": 0.9999998807907104
        },
        {
            "image_id": 1,
            "id": 10,
            "category_id": 0,
            "bbox": [
                882.7269897460938,
                452.2313232421875,
                22.454833984375,
                18.16363525390625
            ],
            "area": 407.8614141792059,
            "iscrowd": 0,
            "score": 0.9999998807907104
        },
        {
            "image_id": 1,
            "id": 11,
            "category_id": 0,
            "bbox": [
                220.78103637695312,
                1005.654541015625,
                20.32519531250003,
                19.098876953125
            ],
            "area": 388.1884043216711,
            "iscrowd": 0,
            "score": 0.9999998807907104
        },
        {
            "image_id": 1,
            "id": 12,
            "category_id": 0,
            "bbox": [
                536.6982421875,
                1271.83154296875,
                15.8719482421875,
                25.0081787109375
            ],
            "area": 396.9285181313753,
            "iscrowd": 0,
            "score": 0.9999997615814209
        },
        {
            "image_id": 1,
            "id": 13,
            "category_id": 0,
            "bbox": [
                698.9447021484375,
                626.623779296875,
                19.0799560546875,
                21.2005615234375
            ],
            "area": 404.5057822018862,
            "iscrowd": 0,
            "score": 0.9999990463256836
        },
        {
            "image_id": 1,
            "id": 14,
            "category_id": 0,
            "bbox": [
                1263.3973388671875,
                341.7227783203125,
                21.3251953125,
                20.625915527343807
            ],
            "area": 439.8516771197331,
            "iscrowd": 0,
            "score": 0.9999929666519165
        },
        {
            "image_id": 1,
            "id": 15,
            "category_id": 0,
            "bbox": [
                448.53302001953125,
                1278.3221435546875,
                15.28338623046875,
                21.6778564453125
            ],
            "area": 331.3110527023673,
            "iscrowd": 0,
            "score": 0.999958872795105
        },
        {
            "image_id": 1,
            "id": 16,
            "category_id": 0,
            "bbox": [
                398.6050109863281,
                879.2456054687501,
                19.709014892578125,
                22.254882812499886
            ],
            "area": 438.62181678414123,
            "iscrowd": 0,
            "score": 0.9999208450317383
        },
        {
            "image_id": 1,
            "id": 17,
            "category_id": 0,
            "bbox": [
                174.68078613281247,
                1268.915283203125,
                17.177886962890653,
                24.191162109375
            ],
            "area": 415.55304821580717,
            "iscrowd": 0,
            "score": 0.9998903274536133
        },
        {
            "image_id": 1,
            "id": 18,
            "category_id": 0,
            "bbox": [
                882.7831420898438,
                869.0286865234375,
                20.0177001953125,
                26.77716064453125
            ],
            "area": 536.0171738639474,
            "iscrowd": 0,
            "score": 0.9996800422668457
        },
        {
            "image_id": 1,
            "id": 19,
            "category_id": 0,
            "bbox": [
                311.5996398925781,
                920.6412353515625,
                21.491546630859375,
                20.249023437499886
            ],
            "area": 435.1828314363932,
            "iscrowd": 0,
            "score": 0.9996321201324463
        },
        {
            "image_id": 1,
            "id": 20,
            "category_id": 0,
            "bbox": [
                1104.9066162109375,
                874.9986572265625,
                20.3863525390625,
                20.098449707031136
            ],
            "area": 409.73408121615415,
            "iscrowd": 0,
            "score": 0.9993477463722229
        },
        {
            "image_id": 1,
            "id": 21,
            "category_id": 0,
            "bbox": [
                478.44680786132807,
                605.9393920898438,
                19.718688964843807,
                21.553466796875
            ],
            "area": 425.0061078816665,
            "iscrowd": 0,
            "score": 0.9992257356643677
        },
        {
            "image_id": 1,
            "id": 22,
            "category_id": 0,
            "bbox": [
                1267.7769775390625,
                298.04852294921875,
                19.48876953125,
                22.340118408203125
            ],
            "area": 435.3814189583063,
            "iscrowd": 0,
            "score": 0.9987843632698059
        },
        {
            "image_id": 1,
            "id": 23,
            "category_id": 0,
            "bbox": [
                193.32237243652344,
                838.0109252929688,
                19.179824829101562,
                22.33148193359375
            ],
            "area": 428.3139116605744,
            "iscrowd": 0,
            "score": 0.9956035614013672
        },
        {
            "image_id": 1,
            "id": 24,
            "category_id": 0,
            "bbox": [
                871.5578002929688,
                625.1130981445312,
                22.07037353515625,
                21.30511474609375
            ],
            "area": 470.21184065565467,
            "iscrowd": 0,
            "score": 0.995049774646759
        },
        {
            "image_id": 1,
            "id": 25,
            "category_id": 0,
            "bbox": [
                1101.4547119140625,
                442.3794555664062,
                18.5196533203125,
                19.120147705078125
            ],
            "area": 354.0985069312155,
            "iscrowd": 0,
            "score": 0.9934104084968567
        },
        {
            "image_id": 1,
            "id": 26,
            "category_id": 0,
            "bbox": [
                685.169189453125,
                813.0511474609376,
                22.289123535156136,
                19.42730712890625
            ],
            "area": 433.0176485516109,
            "iscrowd": 0,
            "score": 0.9927617907524109
        },
        {
            "image_id": 1,
            "id": 27,
            "category_id": 0,
            "bbox": [
                570.0325927734375,
                832.5287475585938,
                17.13165283203125,
                19.7034912109375
            ],
            "area": 337.55337100476027,
            "iscrowd": 0,
            "score": 0.9924830794334412
        },
        {
            "image_id": 1,
            "id": 28,
            "category_id": 0,
            "bbox": [
                729.7337036132812,
                890.8021240234375,
                24.52178955078125,
                17.9398193359375
            ],
            "area": 439.9164743348956,
            "iscrowd": 0,
            "score": 0.9892668724060059
        },
        {
            "image_id": 1,
            "id": 29,
            "category_id": 0,
            "bbox": [
                1063.5733642578125,
                381.80120849609375,
                19.88818359375,
                17.570220947265625
            ],
            "area": 349.4397799819708,
            "iscrowd": 0,
            "score": 0.9614382386207581
        },
        {
            "image_id": 1,
            "id": 30,
            "category_id": 0,
            "bbox": [
                1030.2958984375,
                524.9020385742188,
                18.4090576171875,
                21.74468994140625
            ],
            "area": 400.29924999922514,
            "iscrowd": 0,
            "score": 0.9575047492980957
        },
        {
            "image_id": 1,
            "id": 31,
            "category_id": 0,
            "bbox": [
                951.8873901367186,
                1036.197998046875,
                17.889892578125114,
                18.372314453125
            ],
            "area": 328.6787319779417,
            "iscrowd": 0,
            "score": 0.622137188911438
        },
        {
            "image_id": 1,
            "id": 32,
            "category_id": 0,
            "bbox": [
                626.4237060546875,
                1249.5604248046875,
                23.609985351562614,
                20.8050537109375
            ],
            "area": 491.2070133537078,
            "iscrowd": 0,
            "score": 0.4748995006084442
        },
        {
            "image_id": 1,
            "id": 33,
            "category_id": 0,
            "bbox": [
                217.0767059326172,
                516.4422607421875,
                20.175323486328125,
                18.68084716796875
            ],
            "area": 376.89213461242616,
            "iscrowd": 0,
            "score": 0.4696277379989624
        },
        {
            "image_id": 1,
            "id": 34,
            "category_id": 0,
            "bbox": [
                889.9502563476562,
                539.7286376953125,
                21.57049560546875,
                18.098388671875
            ],
            "area": 390.3912133127451,
            "iscrowd": 0,
            "score": 0.45024701952934265
        },
        {
            "image_id": 1,
            "id": 35,
            "category_id": 0,
            "bbox": [
                104.72498321533203,
                930.6409912109375,
                25.74987030029297,
                17.4268798828125
            ],
            "area": 448.7398967212066,
            "iscrowd": 0,
            "score": 0.42511361837387085
        },
        {
            "image_id": 1,
            "id": 36,
            "category_id": 0,
            "bbox": [
                1099.384765625,
                838.8148803710938,
                21.8524169921875,
                18.83984375
            ],
            "area": 411.69612169265747,
            "iscrowd": 0,
            "score": 0.3966811001300812
        },
        {
            "image_id": 1,
            "id": 37,
            "category_id": 0,
            "bbox": [
                565.9110107421875,
                1073.6268310546875,
                21.139404296875,
                20.0335693359375
            ],
            "area": 423.4977217018604,
            "iscrowd": 0,
            "score": 0.2958889305591583
        },
        {
            "image_id": 1,
            "id": 38,
            "category_id": 0,
            "bbox": [
                493.240966796875,
                661.3338623046875,
                21.15740966796875,
                18.38592529296875
            ],
            "area": 388.9985535480082,
            "iscrowd": 0,
            "score": 0.2547994554042816
        },
        {
            "image_id": 1,
            "id": 39,
            "category_id": 0,
            "bbox": [
                225.87840270996094,
                872.7639770507812,
                18.121261596679688,
                24.40472412109375
            ],
            "area": 442.2443899931386,
            "iscrowd": 0,
            "score": 0.19083431363105774
        },
        {
            "image_id": 1,
            "id": 40,
            "category_id": 0,
            "bbox": [
                914.7967529296875,
                1003.867919921875,
                24.683837890625,
                18.2386474609375
            ],
            "area": 450.1998172700405,
            "iscrowd": 0,
            "score": 0.16654302179813385
        },
        {
            "image_id": 1,
            "id": 41,
            "category_id": 0,
            "bbox": [
                627.3497924804688,
                1269.2216796875,
                21.51251220703125,
                20.8768310546875
            ],
            "area": 449.11308290809393,
            "iscrowd": 0,
            "score": 0.15671361982822418
        },
        {
            "image_id": 1,
            "id": 42,
            "category_id": 0,
            "bbox": [
                828.6494750976562,
                532.87548828125,
                20.00616455078125,
                20.302978515625
            ],
            "area": 406.1847290545702,
            "iscrowd": 0,
            "score": 0.14283746480941772
        },
        {
            "image_id": 1,
            "id": 43,
            "category_id": 0,
            "bbox": [
                238.17945861816406,
                628.7869873046875,
                28.089920043945312,
                17.1448974609375
            ],
            "area": 481.5987988393754,
            "iscrowd": 0,
            "score": 0.06462069600820541
        },
        {
            "image_id": 1,
            "id": 44,
            "category_id": 0,
            "bbox": [
                982.54638671875,
                633.087158203125,
                19.0972900390625,
                16.3323974609375
            ],
            "area": 311.9045313447714,
            "iscrowd": 0,
            "score": 0.06435717642307281
        },
        {
            "image_id": 1,
            "id": 45,
            "category_id": 0,
            "bbox": [
                53.52579879760742,
                1119.5731201171875,
                20.108882904052734,
                20.4144287109375
            ],
            "area": 410.5113565013744,
            "iscrowd": 0,
            "score": 0.06208011507987976
        },
        {
            "image_id": 2,
            "id": 46,
            "category_id": 0,
            "bbox": [
                663.004638671875,
                246.46778869628906,
                23.552429199218636,
                22.167068481445312
            ],
            "area": 522.0883109634717,
            "iscrowd": 0,
            "score": 1.0
        },
        {
            "image_id": 2,
            "id": 47,
            "category_id": 0,
            "bbox": [
                1229.604248046875,
                494.034423828125,
                14.1207275390625,
                24.976806640625
            ],
            "area": 352.69068136811256,
            "iscrowd": 0,
            "score": 1.0
        },
        {
            "image_id": 2,
            "id": 48,
            "category_id": 0,
            "bbox": [
                489.22119140625,
                1181.3822021484375,
                15.436614990234375,
                30.5302734375
            ],
            "area": 471.28407660126686,
            "iscrowd": 0,
            "score": 1.0
        },
        {
            "image_id": 2,
            "id": 49,
            "category_id": 0,
            "bbox": [
                401.3702697753906,
                1019.0313110351562,
                21.742767333984375,
                47.72406005859375
            ],
            "area": 1037.6531340871006,
            "iscrowd": 0,
            "score": 1.0
        },
        {
            "image_id": 2,
            "id": 50,
            "category_id": 0,
            "bbox": [
                450.3488464355469,
                158.03103637695312,
                15.130340576171875,
                21.334548950195312
            ],
            "area": 322.7989916554652,
            "iscrowd": 0,
            "score": 1.0
        },
        {
            "image_id": 2,
            "id": 51,
            "category_id": 0,
            "bbox": [
                342.7923583984375,
                660.987548828125,
                21.497680664062443,
                16.52484130859375
            ],
            "area": 355.24576147645615,
            "iscrowd": 0,
            "score": 1.0
        },
        {
            "image_id": 2,
            "id": 52,
            "category_id": 0,
            "bbox": [
                704.4849853515625,
                270.1249084472656,
                24.2353515625,
                13.87274169921875
            ],
            "area": 336.21077221632004,
            "iscrowd": 0,
            "score": 1.0
        },
        {
            "image_id": 2,
            "id": 53,
            "category_id": 0,
            "bbox": [
                875.658203125,
                553.3564453125,
                15.01776123046875,
                22.1396484375
            ],
            "area": 332.48795396089554,
            "iscrowd": 0,
            "score": 1.0
        },
        {
            "image_id": 2,
            "id": 54,
            "category_id": 0,
            "bbox": [
                258.72760009765625,
                569.4656372070312,
                26.77191162109375,
                13.397705078125
            ],
            "area": 358.68217627704144,
            "iscrowd": 0,
            "score": 1.0
        },
        {
            "image_id": 2,
            "id": 55,
            "category_id": 0,
            "bbox": [
                101.16142272949217,
                194.19097900390625,
                16.644531250000014,
                26.5062255859375
            ],
            "area": 441.1837000846867,
            "iscrowd": 0,
            "score": 1.0
        },
        {
            "image_id": 2,
            "id": 56,
            "category_id": 0,
            "bbox": [
                470.85614013671875,
                162.2822265625,
                15.63507080078125,
                22.1751708984375
            ],
            "area": 346.7103670164943,
            "iscrowd": 0,
            "score": 1.0
        },
        {
            "image_id": 2,
            "id": 57,
            "category_id": 0,
            "bbox": [
                67.56077575683594,
                302.6211853027344,
                14.377059936523423,
                20.053802490234375
            ],
            "area": 288.3147203573023,
            "iscrowd": 0,
            "score": 1.0
        },
        {
            "image_id": 2,
            "id": 58,
            "category_id": 0,
            "bbox": [
                646.1531372070312,
                268.5948791503906,
                25.4964599609375,
                18.487457275390625
            ],
            "area": 471.36471420153975,
            "iscrowd": 0,
            "score": 1.0
        },
        {
            "image_id": 2,
            "id": 59,
            "category_id": 0,
            "bbox": [
                17.748722076416016,
                330.5616149902344,
                18.93282699584961,
                15.637756347656193
            ],
            "area": 296.06693553342376,
            "iscrowd": 0,
            "score": 1.0
        },
        {
            "image_id": 2,
            "id": 60,
            "category_id": 0,
            "bbox": [
                1032.9971923828125,
                312.47589111328125,
                23.55517578125,
                17.044464111328125
            ],
            "area": 401.48534823954105,
            "iscrowd": 0,
            "score": 1.0
        },
        {
            "image_id": 2,
            "id": 61,
            "category_id": 0,
            "bbox": [
                138.53561401367188,
                875.6122436523438,
                16.584793090820312,
                24.8173828125
            ],
            "area": 411.5911590009928,
            "iscrowd": 0,
            "score": 1.0
        },
        {
            "image_id": 2,
            "id": 62,
            "category_id": 0,
            "bbox": [
                513.587158203125,
                823.4243774414061,
                16.0660400390625,
                23.887451171875114
            ],
            "area": 383.776746958496,
            "iscrowd": 0,
            "score": 1.0
        },
        {
            "image_id": 2,
            "id": 63,
            "category_id": 0,
            "bbox": [
                450.23077392578125,
                657.815673828125,
                26.072418212890625,
                20.282958984375
            ],
            "area": 528.8257892355323,
            "iscrowd": 0,
            "score": 1.0
        },
        {
            "image_id": 2,
            "id": 64,
            "category_id": 0,
            "bbox": [
                898.8648071289062,
                707.3328857421875,
                15.133605957031364,
                20.755859375
            ],
            "area": 314.1109970808053,
            "iscrowd": 0,
            "score": 1.0
        },
        {
            "image_id": 2,
            "id": 65,
            "category_id": 0,
            "bbox": [
                1007.2127685546875,
                320.8248596191406,
                15.2353515625,
                21.873229980468693
            ],
            "area": 333.24634855985556,
            "iscrowd": 0,
            "score": 1.0
        },
        {
            "image_id": 2,
            "id": 66,
            "category_id": 0,
            "bbox": [
                934.17333984375,
                166.93736267089844,
                14.39947509765625,
                22.327682495117188
            ],
            "area": 321.5069080768153,
            "iscrowd": 0,
            "score": 1.0
        },
        {
            "image_id": 2,
            "id": 67,
            "category_id": 0,
            "bbox": [
                133.1446075439453,
                309.98828125,
                11.649490356445312,
                21.44512939453125
            ],
            "area": 249.8248280743137,
            "iscrowd": 0,
            "score": 1.0
        },
        {
            "image_id": 2,
            "id": 68,
            "category_id": 0,
            "bbox": [
                408.8573608398438,
                652.6266479492188,
                15.162597656249943,
                25.294189453125
            ],
            "area": 383.5256177186952,
            "iscrowd": 0,
            "score": 1.0
        },
        {
            "image_id": 2,
            "id": 69,
            "category_id": 0,
            "bbox": [
                111.86138916015625,
                308.0003967285156,
                21.999313354492188,
                23.726715087890625
            ],
            "area": 521.9714400912635,
            "iscrowd": 0,
            "score": 1.0
        },
        {
            "image_id": 2,
            "id": 70,
            "category_id": 0,
            "bbox": [
                348.01495361328125,
                439.09759521484375,
                29.73443603515625,
                14.616058349609318
            ],
            "area": 434.6002520825697,
            "iscrowd": 0,
            "score": 1.0
        },
        {
            "image_id": 2,
            "id": 71,
            "category_id": 0,
            "bbox": [
                423.98223876953125,
                654.76025390625,
                11.035583496093693,
                21.12628173828125
            ],
            "area": 233.14084608480215,
            "iscrowd": 0,
            "score": 1.0
        },
        {
            "image_id": 2,
            "id": 72,
            "category_id": 0,
            "bbox": [
                258.9437561035156,
                555.7651977539062,
                27.440887451171875,
                11.4771728515625
            ],
            "area": 314.94380847737193,
            "iscrowd": 0,
            "score": 1.0
        },
        {
            "image_id": 2,
            "id": 73,
            "category_id": 0,
            "bbox": [
                813.8479614257812,
                337.44610595703125,
                29.924255371093636,
                16.85870361328125
            ],
            "area": 504.4841521494071,
            "iscrowd": 0,
            "score": 1.0
        },
        {
            "image_id": 2,
            "id": 74,
            "category_id": 0,
            "bbox": [
                558.1787719726562,
                803.8946533203125,
                20.44549560546875,
                48.75726318359375
            ],
            "area": 996.8664101548493,
            "iscrowd": 0,
            "score": 1.0
        },
        {
            "image_id": 2,
            "id": 75,
            "category_id": 0,
            "bbox": [
                427.8697814941406,
                198.6492462158203,
                28.16900634765625,
                13.975265502929688
            ],
            "area": 393.6693426622078,
            "iscrowd": 0,
            "score": 1.0
        },
        {
            "image_id": 2,
            "id": 76,
            "category_id": 0,
            "bbox": [
                102.26773834228516,
                586.5107421875,
                17.969482421875,
                21.517333984375
            ],
            "area": 386.6553547978401,
            "iscrowd": 0,
            "score": 1.0
        },
        {
            "image_id": 2,
            "id": 77,
            "category_id": 0,
            "bbox": [
                851.7037353515625,
                346.5906982421875,
                21.477661132812614,
                50.494384765625
            ],
            "area": 1084.5012851059494,
            "iscrowd": 0,
            "score": 1.0
        },
        {
            "image_id": 2,
            "id": 78,
            "category_id": 0,
            "bbox": [
                203.68077087402344,
                997.2620239257812,
                20.309371948242188,
                17.69293212890625
            ],
            "area": 359.3323394609615,
            "iscrowd": 0,
            "score": 0.9997736811637878
        },
        {
            "image_id": 2,
            "id": 79,
            "category_id": 0,
            "bbox": [
                328.779052734375,
                836.8129272460938,
                22.544189453125,
                21.10333251953125
            ],
            "area": 475.75752641260624,
            "iscrowd": 0,
            "score": 0.9994502663612366
        },
        {
            "image_id": 2,
            "id": 80,
            "category_id": 0,
            "bbox": [
                350.87905883789057,
                623.5348510742188,
                18.206115722656364,
                16.73944091796875
            ],
            "area": 304.7601984851081,
            "iscrowd": 0,
            "score": 0.9903694987297058
        },
        {
            "image_id": 2,
            "id": 81,
            "category_id": 0,
            "bbox": [
                840.2648315429688,
                546.8383178710938,
                18.9578857421875,
                21.56329345703125
            ],
            "area": 408.79445358365774,
            "iscrowd": 0,
            "score": 0.9827553629875183
        },
        {
            "image_id": 2,
            "id": 82,
            "category_id": 0,
            "bbox": [
                367.7845458984375,
                1280.2969970703125,
                22.23663330078125,
                16.83154296875
            ],
            "area": 374.27684888243675,
            "iscrowd": 0,
            "score": 0.9782600402832031
        },
        {
            "image_id": 2,
            "id": 83,
            "category_id": 0,
            "bbox": [
                912.9735717773438,
                706.2651977539062,
                14.295104980468864,
                20.0146484375
            ],
            "area": 286.1115005612396,
            "iscrowd": 0,
            "score": 0.9729803204536438
        },
        {
            "image_id": 2,
            "id": 84,
            "category_id": 0,
            "bbox": [
                17.514253616333008,
                317.6839294433594,
                19.6702938079834,
                14.1885986328125
            ],
            "area": 279.09390383097343,
            "iscrowd": 0,
            "score": 0.9466255903244019
        },
        {
            "image_id": 2,
            "id": 85,
            "category_id": 0,
            "bbox": [
                231.29217529296875,
                929.2947998046875,
                19.4124755859375,
                18.47625732421875
            ],
            "area": 358.6698942258954,
            "iscrowd": 0,
            "score": 0.9285194873809814
        },
        {
            "image_id": 2,
            "id": 86,
            "category_id": 0,
            "bbox": [
                1229.7734375,
                890.838134765625,
                18.848388671875,
                20.7423095703125
            ],
            "area": 390.9591127336025,
            "iscrowd": 0,
            "score": 0.7684230804443359
        },
        {
            "image_id": 2,
            "id": 87,
            "category_id": 0,
            "bbox": [
                849.0674438476561,
                323.81854248046875,
                21.241027832031364,
                19.961456298828125
            ],
            "area": 424.001848811286,
            "iscrowd": 0,
            "score": 0.5062118172645569
        },
        {
            "image_id": 2,
            "id": 88,
            "category_id": 0,
            "bbox": [
                10.531529426574707,
                740.1174926757812,
                17.145363807678223,
                19.37591552734375
            ],
            "area": 332.20712082315003,
            "iscrowd": 0,
            "score": 0.37659594416618347
        },
        {
            "image_id": 2,
            "id": 89,
            "category_id": 0,
            "bbox": [
                215.43041992187503,
                995.48486328125,
                15.699844360351534,
                18.153320312499886
            ],
            "area": 285.0043035298563,
            "iscrowd": 0,
            "score": 0.2586459219455719
        },
        {
            "image_id": 2,
            "id": 90,
            "category_id": 0,
            "bbox": [
                750.9979248046875,
                978.945556640625,
                17.4532470703125,
                19.72259521484375
            ],
            "area": 344.223327152431,
            "iscrowd": 0,
            "score": 0.19517643749713898
        },
        {
            "image_id": 2,
            "id": 91,
            "category_id": 0,
            "bbox": [
                483.7179260253906,
                238.42236328125,
                20.032623291015625,
                17.769012451171875
            ],
            "area": 355.95993268769234,
            "iscrowd": 0,
            "score": 0.1280273050069809
        },
        {
            "image_id": 2,
            "id": 92,
            "category_id": 0,
            "bbox": [
                319.7596740722656,
                667.4631958007812,
                24.8701171875,
                14.14935302734375
            ],
            "area": 351.89606791734695,
            "iscrowd": 0,
            "score": 0.07651777565479279
        },
        {
            "image_id": 2,
            "id": 93,
            "category_id": 0,
            "bbox": [
                155.01296997070312,
                881.6257934570312,
                15.524658203125,
                22.94976806640625
            ],
            "area": 356.28730507194996,
            "iscrowd": 0,
            "score": 0.07059913128614426
        },
        {
            "image_id": 3,
            "id": 94,
            "category_id": 0,
            "bbox": [
                505.5359802246094,
                83.36920928955078,
                23.219818115234375,
                17.180313110351562
            ],
            "area": 398.92374558513984,
            "iscrowd": 0,
            "score": 1.0
        },
        {
            "image_id": 3,
            "id": 95,
            "category_id": 0,
            "bbox": [
                699.0828857421875,
                529.481689453125,
                17.028442382812386,
                27.50860595703125
            ],
            "area": 468.4287115707962,
            "iscrowd": 0,
            "score": 1.0
        },
        {
            "image_id": 3,
            "id": 96,
            "category_id": 0,
            "bbox": [
                36.57350158691406,
                696.2908935546875,
                28.974365234375,
                28.4696044921875
            ],
            "area": 824.8887186348438,
            "iscrowd": 0,
            "score": 1.0
        },
        {
            "image_id": 3,
            "id": 97,
            "category_id": 0,
            "bbox": [
                269.2229919433594,
                99.64813232421875,
                27.474334716796875,
                26.57553100585936
            ],
            "area": 730.1450341315937,
            "iscrowd": 0,
            "score": 1.0
        },
        {
            "image_id": 3,
            "id": 98,
            "category_id": 0,
            "bbox": [
                57.57883834838867,
                292.1337585449219,
                22.14584732055664,
                22.18310546875
            ],
            "area": 491.26366680674255,
            "iscrowd": 0,
            "score": 1.0
        },
        {
            "image_id": 3,
            "id": 99,
            "category_id": 0,
            "bbox": [
                228.5810852050781,
                166.12924194335938,
                21.384811401367216,
                25.381546020507812
            ],
            "area": 542.7795747236821,
            "iscrowd": 0,
            "score": 1.0
        },
        {
            "image_id": 3,
            "id": 100,
            "category_id": 0,
            "bbox": [
                248.76055908203125,
                456.5841979980468,
                23.4405517578125,
                19.175170898437557
            ],
            "area": 449.47658590972554,
            "iscrowd": 0,
            "score": 1.0
        },
        {
            "image_id": 3,
            "id": 101,
            "category_id": 0,
            "bbox": [
                105.7723617553711,
                2.4480490684509277,
                25.05744171142578,
                13.87715768814087
            ],
            "area": 347.726069890854,
            "iscrowd": 0,
            "score": 1.0
        },
        {
            "image_id": 3,
            "id": 102,
            "category_id": 0,
            "bbox": [
                730.675048828125,
                566.2879028320312,
                28.220703125,
                24.73590087890625
            ],
            "area": 698.0645152330399,
            "iscrowd": 0,
            "score": 1.0
        },
        {
            "image_id": 3,
            "id": 103,
            "category_id": 0,
            "bbox": [
                709.5623779296875,
                588.4764404296875,
                28.2158203125,
                26.37725830078125
            ],
            "area": 744.2559805512428,
            "iscrowd": 0,
            "score": 1.0
        },
        {
            "image_id": 3,
            "id": 104,
            "category_id": 0,
            "bbox": [
                466.38629150390625,
                328.65451049804693,
                20.454956054687557,
                15.471954345703011
            ],
            "area": 316.4781462214873,
            "iscrowd": 0,
            "score": 1.0
        },
        {
            "image_id": 3,
            "id": 105,
            "category_id": 0,
            "bbox": [
                409.399169921875,
                403.8839416503906,
                34.99499511718756,
                22.40655517578125
            ],
            "area": 784.1172889694584,
            "iscrowd": 0,
            "score": 1.0
        },
        {
            "image_id": 3,
            "id": 106,
            "category_id": 0,
            "bbox": [
                240.5699005126953,
                192.15509033203122,
                28.709915161132812,
                27.48120117187503
            ],
            "area": 788.9829541705557,
            "iscrowd": 0,
            "score": 1.0
        },
        {
            "image_id": 3,
            "id": 107,
            "category_id": 0,
            "bbox": [
                436.41033935546875,
                438.8522644042969,
                24.490936279296875,
                15.732269287109375
            ],
            "area": 385.298004639335,
            "iscrowd": 0,
            "score": 1.0
        },
        {
            "image_id": 3,
            "id": 108,
            "category_id": 0,
            "bbox": [
                115.00963592529297,
                230.57261657714844,
                18.43560028076172,
                27.347824096679688
            ],
            "area": 504.17355359497014,
            "iscrowd": 0,
            "score": 1.0
        },
        {
            "image_id": 3,
            "id": 109,
            "category_id": 0,
            "bbox": [
                350.2276611328125,
                6.778994083404541,
                24.276458740234375,
                18.868749141693115
            ],
            "area": 458.0664100181457,
            "iscrowd": 0,
            "score": 1.0
        },
        {
            "image_id": 3,
            "id": 110,
            "category_id": 0,
            "bbox": [
                394.1297302246094,
                24.214948654174805,
                20.119537353515625,
                22.479578018188477
            ],
            "area": 452.2787096282118,
            "iscrowd": 0,
            "score": 1.0
        },
        {
            "image_id": 3,
            "id": 111,
            "category_id": 0,
            "bbox": [
                668.772216796875,
                446.40948486328125,
                19.73834228515625,
                20.187927246093693
            ],
            "area": 398.4762180112291,
            "iscrowd": 0,
            "score": 1.0
        },
        {
            "image_id": 3,
            "id": 112,
            "category_id": 0,
            "bbox": [
                30.50655746459961,
                343.3249816894531,
                16.49388885498047,
                21.730773925781193
            ],
            "area": 358.4249698645426,
            "iscrowd": 0,
            "score": 1.0
        },
        {
            "image_id": 3,
            "id": 113,
            "category_id": 0,
            "bbox": [
                515.826171875,
                76.31755065917969,
                18.89178466796875,
                16.014312744140625
            ],
            "area": 302.5389479678124,
            "iscrowd": 0,
            "score": 1.0
        },
        {
            "image_id": 3,
            "id": 114,
            "category_id": 0,
            "bbox": [
                8.70181655883789,
                365.6788635253906,
                19.652088165283203,
                23.088958740234375
            ],
            "area": 453.74625280767214,
            "iscrowd": 0,
            "score": 1.0
        },
        {
            "image_id": 3,
            "id": 115,
            "category_id": 0,
            "bbox": [
                58.74305725097656,
                322.6865539550781,
                17.61241912841797,
                17.385833740234432
            ],
            "area": 306.20659072999945,
            "iscrowd": 0,
            "score": 1.0
        },
        {
            "image_id": 3,
            "id": 116,
            "category_id": 0,
            "bbox": [
                207.58743286132812,
                453.6844482421875,
                21.998733520507812,
                20.038665771484375
            ],
            "area": 440.82526841340587,
            "iscrowd": 0,
            "score": 1.0
        },
        {
            "image_id": 3,
            "id": 117,
            "category_id": 0,
            "bbox": [
                385.3646545410156,
                13.962957382202148,
                17.10986328125,
                21.06620979309082
            ],
            "area": 360.4399694139138,
            "iscrowd": 0,
            "score": 1.0
        },
        {
            "image_id": 3,
            "id": 118,
            "category_id": 0,
            "bbox": [
                398.5406799316406,
                416.9914245605469,
                22.995727539062443,
                14.713775634765625
            ],
            "area": 338.35397556796585,
            "iscrowd": 0,
            "score": 1.0
        },
        {
            "image_id": 3,
            "id": 119,
            "category_id": 0,
            "bbox": [
                491.2466125488281,
                98.62084197998047,
                24.472503662109375,
                19.10253143310547
            ],
            "area": 467.48677045223303,
            "iscrowd": 0,
            "score": 0.9999998807907104
        },
        {
            "image_id": 3,
            "id": 120,
            "category_id": 0,
            "bbox": [
                256.06280517578125,
                444.79129028320307,
                18.314178466796875,
                17.517547607421932
            ],
            "area": 320.81949318293584,
            "iscrowd": 0,
            "score": 0.9999998807907104
        },
        {
            "image_id": 3,
            "id": 121,
            "category_id": 0,
            "bbox": [
                196.12619018554688,
                449.2284851074219,
                20.052276611328125,
                20.479034423828125
            ],
            "area": 410.65126299951226,
            "iscrowd": 0,
            "score": 0.9999998807907104
        },
        {
            "image_id": 3,
            "id": 122,
            "category_id": 0,
            "bbox": [
                29.321441650390625,
                330.6925964355469,
                18.983074188232422,
                18.284179687499943
            ],
            "area": 347.0899394787837,
            "iscrowd": 0,
            "score": 0.9999998807907104
        },
        {
            "image_id": 3,
            "id": 123,
            "category_id": 0,
            "bbox": [
                425.6010131835938,
                430.962158203125,
                22.77291870117176,
                11.954925537109375
            ],
            "area": 272.24854733515394,
            "iscrowd": 0,
            "score": 0.9999998807907104
        },
        {
            "image_id": 3,
            "id": 124,
            "category_id": 0,
            "bbox": [
                553.6882934570312,
                851.0590209960938,
                20.353759765625,
                22.25189208984375
            ],
            "area": 452.9096659272909,
            "iscrowd": 0,
            "score": 0.9999997615814209
        },
        {
            "image_id": 3,
            "id": 125,
            "category_id": 0,
            "bbox": [
                132.01361083984375,
                451.5601806640625,
                26.526779174804688,
                23.44427490234375
            ],
            "area": 621.9011032478884,
            "iscrowd": 0,
            "score": 0.9999983310699463
        },
        {
            "image_id": 3,
            "id": 126,
            "category_id": 0,
            "bbox": [
                1084.103759765625,
                66.08513641357422,
                22.7052001953125,
                20.633262634277344
            ],
            "area": 468.48235879372805,
            "iscrowd": 0,
            "score": 0.9999978542327881
        },
        {
            "image_id": 3,
            "id": 127,
            "category_id": 0,
            "bbox": [
                638.7261962890625,
                727.0541381835938,
                25.185546875,
                22.077880859375
            ],
            "area": 556.0435032844543,
            "iscrowd": 0,
            "score": 0.9999957084655762
        },
        {
            "image_id": 3,
            "id": 128,
            "category_id": 0,
            "bbox": [
                559.8306274414062,
                171.35537719726562,
                26.34808349609375,
                27.887008666992216
            ],
            "area": 734.769232814201,
            "iscrowd": 0,
            "score": 0.9999878406524658
        },
        {
            "image_id": 3,
            "id": 129,
            "category_id": 0,
            "bbox": [
                46.23332977294922,
                266.499755859375,
                24.04613494873047,
                27.409027099609375
            ],
            "area": 659.0811644506175,
            "iscrowd": 0,
            "score": 0.9999858140945435
        },
        {
            "image_id": 3,
            "id": 130,
            "category_id": 0,
            "bbox": [
                996.5853881835938,
                373.79425048828125,
                18.8807373046875,
                29.186065673828125
            ],
            "area": 551.054438944906,
            "iscrowd": 0,
            "score": 0.9999842643737793
        },
        {
            "image_id": 3,
            "id": 131,
            "category_id": 0,
            "bbox": [
                927.9490966796875,
                256.168212890625,
                21.314208984375,
                34.17120361328125
            ],
            "area": 728.3321750611067,
            "iscrowd": 0,
            "score": 0.9999840259552002
        },
        {
            "image_id": 3,
            "id": 132,
            "category_id": 0,
            "bbox": [
                89.250244140625,
                232.05429077148438,
                23.24195098876953,
                28.73504638671875
            ],
            "area": 667.8585397801362,
            "iscrowd": 0,
            "score": 0.9999822378158569
        },
        {
            "image_id": 3,
            "id": 133,
            "category_id": 0,
            "bbox": [
                807.7258911132812,
                192.6873321533203,
                22.570556640625114,
                21.960952758789062
            ],
            "area": 495.6709281243409,
            "iscrowd": 0,
            "score": 0.9999555349349976
        },
        {
            "image_id": 3,
            "id": 134,
            "category_id": 0,
            "bbox": [
                475.5145263671875,
                318.199951171875,
                23.544647216796818,
                16.757965087890625
            ],
            "area": 394.56037606578224,
            "iscrowd": 0,
            "score": 0.9999161958694458
        },
        {
            "image_id": 3,
            "id": 135,
            "category_id": 0,
            "bbox": [
                268.1399230957031,
                1096.3106689453125,
                25.47979736328125,
                19.7000732421875
            ],
            "area": 501.95387425273657,
            "iscrowd": 0,
            "score": 0.9998695850372314
        },
        {
            "image_id": 3,
            "id": 136,
            "category_id": 0,
            "bbox": [
                125.0529556274414,
                463.0632019042969,
                26.63105010986328,
                20.502838134765625
            ],
            "area": 546.0121097613592,
            "iscrowd": 0,
            "score": 0.9998635053634644
        },
        {
            "image_id": 3,
            "id": 137,
            "category_id": 0,
            "bbox": [
                50.82142639160156,
                177.15824890136716,
                17.143341064453125,
                28.150665283203153
            ],
            "area": 482.5964561412116,
            "iscrowd": 0,
            "score": 0.9998588562011719
        },
        {
            "image_id": 3,
            "id": 138,
            "category_id": 0,
            "bbox": [
                766.7196044921875,
                147.3362579345703,
                22.728271484375,
                24.755264282226562
            ],
            "area": 562.6443672738969,
            "iscrowd": 0,
            "score": 0.9991453886032104
        },
        {
            "image_id": 3,
            "id": 139,
            "category_id": 0,
            "bbox": [
                273.194091796875,
                418.1398010253907,
                19.395111083984375,
                19.678039550781193
            ],
            "area": 381.65776300243925,
            "iscrowd": 0,
            "score": 0.999104917049408
        },
        {
            "image_id": 3,
            "id": 140,
            "category_id": 0,
            "bbox": [
                1246.0140380859375,
                355.60174560546875,
                33.513916015625,
                23.10760498046875
            ],
            "area": 774.4263326376677,
            "iscrowd": 0,
            "score": 0.9989284873008728
        },
        {
            "image_id": 3,
            "id": 141,
            "category_id": 0,
            "bbox": [
                909.7679443359375,
                426.3510437011719,
                54.156982421875,
                49.457061767578125
            ],
            "area": 2678.4452247843146,
            "iscrowd": 0,
            "score": 0.9967108964920044
        },
        {
            "image_id": 3,
            "id": 142,
            "category_id": 0,
            "bbox": [
                867.6689453125,
                93.1958236694336,
                32.0118408203125,
                23.483299255371094
            ],
            "area": 751.7436376987025,
            "iscrowd": 0,
            "score": 0.996154248714447
        },
        {
            "image_id": 3,
            "id": 143,
            "category_id": 0,
            "bbox": [
                909.1964111328125,
                114.90364837646486,
                30.54095458984375,
                22.903633117675767
            ],
            "area": 699.498818989377,
            "iscrowd": 0,
            "score": 0.9960648417472839
        },
        {
            "image_id": 3,
            "id": 144,
            "category_id": 0,
            "bbox": [
                760.91015625,
                682.87060546875,
                26.776428222656136,
                29.90625
            ],
            "area": 800.7825565338101,
            "iscrowd": 0,
            "score": 0.9756871461868286
        },
        {
            "image_id": 3,
            "id": 145,
            "category_id": 0,
            "bbox": [
                654.0385131835938,
                791.4799804687499,
                25.301818847656136,
                25.137145996093864
            ],
            "area": 636.0155143402517,
            "iscrowd": 0,
            "score": 0.9755774140357971
        },
        {
            "image_id": 3,
            "id": 146,
            "category_id": 0,
            "bbox": [
                1005.559814453125,
                423.75003051757807,
                20.6727294921875,
                23.620941162109432
            ],
            "area": 488.30932699516535,
            "iscrowd": 0,
            "score": 0.9685105681419373
        },
        {
            "image_id": 3,
            "id": 147,
            "category_id": 0,
            "bbox": [
                298.46990966796875,
                1117.0496826171875,
                27.328643798828125,
                19.3480224609375
            ],
            "area": 528.7552140466869,
            "iscrowd": 0,
            "score": 0.966163694858551
        },
        {
            "image_id": 3,
            "id": 148,
            "category_id": 0,
            "bbox": [
                701.9486083984375,
                108.67556762695312,
                24.016845703125,
                23.383682250976562
            ],
            "area": 561.6022885926068,
            "iscrowd": 0,
            "score": 0.9584206342697144
        },
        {
            "image_id": 3,
            "id": 149,
            "category_id": 0,
            "bbox": [
                1030.7144775390625,
                337.3889770507812,
                24.5146484375,
                22.319061279296932
            ],
            "area": 547.1439407169833,
            "iscrowd": 0,
            "score": 0.9429323077201843
        },
        {
            "image_id": 3,
            "id": 150,
            "category_id": 0,
            "bbox": [
                862.8746948242186,
                86.1278305053711,
                28.885437011718864,
                17.795448303222642
            ],
            "area": 514.0293010580369,
            "iscrowd": 0,
            "score": 0.9379693865776062
        },
        {
            "image_id": 3,
            "id": 151,
            "category_id": 0,
            "bbox": [
                630.4868774414062,
                843.5924072265625,
                22.68231201171875,
                24.2760009765625
            ],
            "area": 550.6358285471797,
            "iscrowd": 0,
            "score": 0.9344120025634766
        },
        {
            "image_id": 3,
            "id": 152,
            "category_id": 0,
            "bbox": [
                729.3169555664064,
                222.48135375976562,
                25.473449707031136,
                21.646408081054716
            ],
            "area": 551.4086875906197,
            "iscrowd": 0,
            "score": 0.9050140976905823
        },
        {
            "image_id": 3,
            "id": 153,
            "category_id": 0,
            "bbox": [
                501.2824401855469,
                123.85469055175781,
                23.293731689453125,
                20.329849243164062
            ],
            "area": 473.55805355729535,
            "iscrowd": 0,
            "score": 0.6258861422538757
        },
        {
            "image_id": 3,
            "id": 154,
            "category_id": 0,
            "bbox": [
                620.9192504882812,
                829.9085693359374,
                20.28277587890625,
                24.64691162109375
            ],
            "area": 499.90778451785445,
            "iscrowd": 0,
            "score": 0.4964415729045868
        },
        {
            "image_id": 3,
            "id": 155,
            "category_id": 0,
            "bbox": [
                452.78552246093744,
                380.1557922363281,
                22.566894531250057,
                22.38275146484375
            ],
            "area": 505.1091916263116,
            "iscrowd": 0,
            "score": 0.4847670793533325
        },
        {
            "image_id": 3,
            "id": 156,
            "category_id": 0,
            "bbox": [
                902.9246215820312,
                309.7711486816406,
                25.575927734375114,
                23.535491943359375
            ],
            "area": 601.9420411363271,
            "iscrowd": 0,
            "score": 0.48342227935791016
        },
        {
            "image_id": 3,
            "id": 157,
            "category_id": 0,
            "bbox": [
                887.1273193359375,
                776.5374145507811,
                19.015380859375,
                21.871032714843864
            ],
            "area": 415.88601686060645,
            "iscrowd": 0,
            "score": 0.4480591118335724
        },
        {
            "image_id": 3,
            "id": 158,
            "category_id": 0,
            "bbox": [
                939.3244018554688,
                441.0826110839844,
                52.816650390625,
                43.939483642578125
            ],
            "area": 2320.7363458946347,
            "iscrowd": 0,
            "score": 0.4418892562389374
        },
        {
            "image_id": 3,
            "id": 159,
            "category_id": 0,
            "bbox": [
                823.5111694335936,
                602.0586547851562,
                32.822937011718864,
                22.48138427734375
            ],
            "area": 737.9050600715007,
            "iscrowd": 0,
            "score": 0.40118804574012756
        },
        {
            "image_id": 3,
            "id": 160,
            "category_id": 0,
            "bbox": [
                85.88398742675781,
                460.5065002441406,
                27.931983947753906,
                38.88671874999994
            ],
            "area": 1086.1832039058193,
            "iscrowd": 0,
            "score": 0.3582056164741516
        },
        {
            "image_id": 3,
            "id": 161,
            "category_id": 0,
            "bbox": [
                978.914306640625,
                426.03662109375,
                19.6123046875,
                26.9267578125
            ],
            "area": 528.095778465271,
            "iscrowd": 0,
            "score": 0.11900001764297485
        },
        {
            "image_id": 3,
            "id": 162,
            "category_id": 0,
            "bbox": [
                292.51123046875,
                1114.10791015625,
                25.493194580078125,
                18.99609375
            ],
            "area": 484.27111423015594,
            "iscrowd": 0,
            "score": 0.08789483457803726
        },
        {
            "image_id": 3,
            "id": 163,
            "category_id": 0,
            "bbox": [
                928.0850830078124,
                430.9179382324219,
                45.076904296875114,
                53.36077880859369
            ],
            "area": 2405.3387195616997,
            "iscrowd": 0,
            "score": 0.07247482240200043
        },
        {
            "image_id": 3,
            "id": 164,
            "category_id": 0,
            "bbox": [
                1016.1954956054688,
                182.97421264648438,
                31.87689208984375,
                22.65248107910159
            ],
            "area": 722.0906949257487,
            "iscrowd": 0,
            "score": 0.05333353951573372
        },
        {
            "image_id": 4,
            "id": 165,
            "category_id": 0,
            "bbox": [
                90.37051391601562,
                1206.86962890625,
                21.936035156250014,
                26.3658447265625
            ],
            "area": 578.362096846104,
            "iscrowd": 0,
            "score": 1.0
        },
        {
            "image_id": 4,
            "id": 166,
            "category_id": 0,
            "bbox": [
                469.7145080566407,
                1249.433349609375,
                19.837432861328125,
                24.968994140625
            ],
            "area": 495.3207448795438,
            "iscrowd": 0,
            "score": 1.0
        },
        {
            "image_id": 4,
            "id": 167,
            "category_id": 0,
            "bbox": [
                212.11856079101562,
                1171.1435546875,
                14.30419921875,
                24.87744140625
            ],
            "area": 355.85187792778015,
            "iscrowd": 0,
            "score": 1.0
        },
        {
            "image_id": 4,
            "id": 168,
            "category_id": 0,
            "bbox": [
                1179.9718017578125,
                656.2868041992188,
                17.3209228515625,
                28.5797119140625
            ],
            "area": 495.0269851833582,
            "iscrowd": 0,
            "score": 1.0
        },
        {
            "image_id": 4,
            "id": 169,
            "category_id": 0,
            "bbox": [
                1180.39013671875,
                761.590576171875,
                17.44189453125,
                25.4808349609375
            ],
            "area": 444.4340359568596,
            "iscrowd": 0,
            "score": 1.0
        },
        {
            "image_id": 4,
            "id": 170,
            "category_id": 0,
            "bbox": [
                487.2922973632813,
                680.5159912109375,
                27.423156738281193,
                15.36505126953125
            ],
            "area": 421.3582092560819,
            "iscrowd": 0,
            "score": 1.0
        },
        {
            "image_id": 4,
            "id": 171,
            "category_id": 0,
            "bbox": [
                257.6843566894531,
                1246.9580078125,
                15.627655029296875,
                25.19677734375
            ],
            "area": 393.76654417812824,
            "iscrowd": 0,
            "score": 1.0
        },
        {
            "image_id": 4,
            "id": 172,
            "category_id": 0,
            "bbox": [
                369.6538391113281,
                106.9389190673828,
                26.203613281250057,
                17.68406677246095
            ],
            "area": 463.3864469453706,
            "iscrowd": 0,
            "score": 1.0
        },
        {
            "image_id": 4,
            "id": 173,
            "category_id": 0,
            "bbox": [
                895.0828247070314,
                1272.03955078125,
                25.280334472656136,
                20.279052734375
            ],
            "area": 512.661235913632,
            "iscrowd": 0,
            "score": 1.0
        },
        {
            "image_id": 4,
            "id": 174,
            "category_id": 0,
            "bbox": [
                1140.2313232421875,
                654.178955078125,
                16.208251953125,
                23.8089599609375
            ],
            "area": 385.90162178874016,
            "iscrowd": 0,
            "score": 1.0
        },
        {
            "image_id": 4,
            "id": 175,
            "category_id": 0,
            "bbox": [
                290.0031433105469,
                542.4174194335938,
                17.623870849609375,
                25.556396484375
            ],
            "area": 450.4026310220361,
            "iscrowd": 0,
            "score": 1.0
        },
        {
            "image_id": 4,
            "id": 176,
            "category_id": 0,
            "bbox": [
                281.004150390625,
                945.5438232421875,
                14.83465576171875,
                24.4949951171875
            ],
            "area": 363.3748204484582,
            "iscrowd": 0,
            "score": 1.0
        },
        {
            "image_id": 4,
            "id": 177,
            "category_id": 0,
            "bbox": [
                830.9541015625,
                1022.0672607421876,
                16.67529296875,
                21.936889648437386
            ],
            "area": 365.8040617108326,
            "iscrowd": 0,
            "score": 1.0
        },
        {
            "image_id": 4,
            "id": 178,
            "category_id": 0,
            "bbox": [
                496.3631591796875,
                1278.352783203125,
                29.3162841796875,
                16.333740234375
            ],
            "area": 478.844570428133,
            "iscrowd": 0,
            "score": 1.0
        },
        {
            "image_id": 4,
            "id": 179,
            "category_id": 0,
            "bbox": [
                345.98223876953125,
                1173.0181884765625,
                17.27392578125,
                22.288818359375
            ],
            "area": 385.01539409160614,
            "iscrowd": 0,
            "score": 1.0
        },
        {
            "image_id": 4,
            "id": 180,
            "category_id": 0,
            "bbox": [
                930.5476684570312,
                340.77655029296875,
                16.705810546875,
                23.542724609375
            ],
            "area": 393.3002970814705,
            "iscrowd": 0,
            "score": 1.0
        },
        {
            "image_id": 4,
            "id": 181,
            "category_id": 0,
            "bbox": [
                683.7134399414062,
                1133.46240234375,
                16.74749755859375,
                26.9677734375
            ],
            "area": 451.64271980524063,
            "iscrowd": 0,
            "score": 1.0
        },
        {
            "image_id": 4,
            "id": 182,
            "category_id": 0,
            "bbox": [
                1203.635986328125,
                674.9342651367188,
                14.619384765625,
                26.86627197265625
            ],
            "area": 392.7683671861887,
            "iscrowd": 0,
            "score": 1.0
        },
        {
            "image_id": 4,
            "id": 183,
            "category_id": 0,
            "bbox": [
                346.2430419921875,
                863.01904296875,
                24.493591308593807,
                16.18670654296875
            ],
            "area": 396.47057469561787,
            "iscrowd": 0,
            "score": 0.9999996423721313
        },
        {
            "image_id": 4,
            "id": 184,
            "category_id": 0,
            "bbox": [
                259.2996520996094,
                631.9926147460938,
                24.58929443359375,
                18.20928955078125
            ],
            "area": 447.7535821907222,
            "iscrowd": 0,
            "score": 0.9999996423721313
        },
        {
            "image_id": 4,
            "id": 185,
            "category_id": 0,
            "bbox": [
                212.64517211914062,
                976.3963012695312,
                16.416275024414062,
                22.23223876953125
            ],
            "area": 364.9705460490659,
            "iscrowd": 0,
            "score": 0.9999996423721313
        },
        {
            "image_id": 4,
            "id": 186,
            "category_id": 0,
            "bbox": [
                857.0056762695312,
                569.9910278320312,
                17.11669921875,
                30.305908203125
            ],
            "area": 518.7371152639389,
            "iscrowd": 0,
            "score": 0.9999995231628418
        },
        {
            "image_id": 4,
            "id": 187,
            "category_id": 0,
            "bbox": [
                482.8876953125,
                661.4246826171875,
                27.401824951171875,
                13.22564697265625
            ],
            "area": 362.4068632107228,
            "iscrowd": 0,
            "score": 0.9999995231628418
        },
        {
            "image_id": 4,
            "id": 188,
            "category_id": 0,
            "bbox": [
                1139.753662109375,
                243.33760070800778,
                25.25,
                17.474655151367216
            ],
            "area": 441.2350425720222,
            "iscrowd": 0,
            "score": 0.9999988079071045
        },
        {
            "image_id": 4,
            "id": 189,
            "category_id": 0,
            "bbox": [
                571.3385009765625,
                324.4666748046875,
                17.23895263671875,
                23.3564453125
            ],
            "area": 402.64065450429916,
            "iscrowd": 0,
            "score": 0.9999988079071045
        },
        {
            "image_id": 4,
            "id": 190,
            "category_id": 0,
            "bbox": [
                687.0603637695312,
                640.039794921875,
                20.584838867187386,
                24.465820312500114
            ],
            "area": 503.624968886375,
            "iscrowd": 0,
            "score": 0.9999979734420776
        },
        {
            "image_id": 4,
            "id": 191,
            "category_id": 0,
            "bbox": [
                1194.895263671875,
                1021.800048828125,
                20.4195556640625,
                19.79541015625
            ],
            "area": 404.213479578495,
            "iscrowd": 0,
            "score": 0.9999963045120239
        },
        {
            "image_id": 4,
            "id": 192,
            "category_id": 0,
            "bbox": [
                950.1029052734375,
                696.028564453125,
                17.68218994140625,
                19.584350585937614
            ],
            "area": 346.29420693963965,
            "iscrowd": 0,
            "score": 0.9999852180480957
        },
        {
            "image_id": 4,
            "id": 193,
            "category_id": 0,
            "bbox": [
                737.7574462890625,
                809.4892578125,
                21.15533447265625,
                17.67822265625
            ],
            "area": 373.98871317505836,
            "iscrowd": 0,
            "score": 0.9999797344207764
        },
        {
            "image_id": 4,
            "id": 194,
            "category_id": 0,
            "bbox": [
                1202.1279296875,
                1280.5723876953125,
                22.7742919921875,
                17.9224853515625
            ],
            "area": 408.1719146221876,
            "iscrowd": 0,
            "score": 0.9999740123748779
        },
        {
            "image_id": 4,
            "id": 195,
            "category_id": 0,
            "bbox": [
                820.6069946289062,
                804.0675659179689,
                20.937316894531364,
                19.962829589843636
            ],
            "area": 417.9680892340838,
            "iscrowd": 0,
            "score": 0.9998749494552612
        },
        {
            "image_id": 4,
            "id": 196,
            "category_id": 0,
            "bbox": [
                36.45500564575195,
                260.47564697265625,
                29.888317108154297,
                16.828338623046875
            ],
            "area": 502.97072116902564,
            "iscrowd": 0,
            "score": 0.9998725652694702
        },
        {
            "image_id": 4,
            "id": 197,
            "category_id": 0,
            "bbox": [
                469.85073852539057,
                1188.6455078125,
                21.229034423828182,
                17.734619140625
            ],
            "area": 376.4888402298103,
            "iscrowd": 0,
            "score": 0.9998700618743896
        },
        {
            "image_id": 4,
            "id": 198,
            "category_id": 0,
            "bbox": [
                479.31646728515625,
                513.080810546875,
                25.837554931640625,
                16.88555908203125
            ],
            "area": 436.28156033344567,
            "iscrowd": 0,
            "score": 0.9998660087585449
        },
        {
            "image_id": 4,
            "id": 199,
            "category_id": 0,
            "bbox": [
                1147.243408203125,
                1071.6290283203125,
                32.327880859375,
                16.072509765625
            ],
            "area": 519.5901808142662,
            "iscrowd": 0,
            "score": 0.9997425675392151
        },
        {
            "image_id": 4,
            "id": 200,
            "category_id": 0,
            "bbox": [
                726.9959716796875,
                38.301666259765625,
                17.16180419921875,
                21.674682617187493
            ],
            "area": 371.97665915638197,
            "iscrowd": 0,
            "score": 0.9995706677436829
        },
        {
            "image_id": 4,
            "id": 201,
            "category_id": 0,
            "bbox": [
                894.7262573242186,
                1203.22802734375,
                24.447021484375114,
                18.3212890625
            ],
            "area": 447.9009473323843,
            "iscrowd": 0,
            "score": 0.9995542168617249
        },
        {
            "image_id": 4,
            "id": 202,
            "category_id": 0,
            "bbox": [
                1062.031494140625,
                401.6936950683594,
                26.7213134765625,
                19.916107177734375
            ],
            "area": 532.1845431290567,
            "iscrowd": 0,
            "score": 0.9995430707931519
        },
        {
            "image_id": 4,
            "id": 203,
            "category_id": 0,
            "bbox": [
                487.9620361328125,
                868.5821533203124,
                22.550445556640625,
                17.411987304687614
            ],
            "area": 392.64807174727576,
            "iscrowd": 0,
            "score": 0.9984424710273743
        },
        {
            "image_id": 4,
            "id": 204,
            "category_id": 0,
            "bbox": [
                777.4319458007812,
                1136.478271484375,
                17.68255615234375,
                23.6778564453125
            ],
            "area": 418.68502616137266,
            "iscrowd": 0,
            "score": 0.9904419779777527
        },
        {
            "image_id": 4,
            "id": 205,
            "category_id": 0,
            "bbox": [
                54.586063385009766,
                438.7620544433594,
                25.069271087646484,
                15.777801513671875
            ],
            "area": 395.5379833133193,
            "iscrowd": 0,
            "score": 0.9855814576148987
        },
        {
            "image_id": 4,
            "id": 206,
            "category_id": 0,
            "bbox": [
                930.1877441406249,
                703.2933959960938,
                17.479431152343977,
                20.7484130859375
            ],
            "area": 362.6704580560374,
            "iscrowd": 0,
            "score": 0.9803045392036438
        },
        {
            "image_id": 4,
            "id": 207,
            "category_id": 0,
            "bbox": [
                774.4935302734375,
                37.97452163696289,
                18.89404296875,
                21.492938995361328
            ],
            "area": 406.0885129030794,
            "iscrowd": 0,
            "score": 0.9610958695411682
        },
        {
            "image_id": 4,
            "id": 208,
            "category_id": 0,
            "bbox": [
                932.0108032226562,
                820.5655517578125,
                26.500854492187614,
                14.973754882812614
            ],
            "area": 396.81729935110087,
            "iscrowd": 0,
            "score": 0.9473539590835571
        },
        {
            "image_id": 4,
            "id": 209,
            "category_id": 0,
            "bbox": [
                952.7608642578125,
                796.591796875,
                25.653869628906136,
                14.62054443359375
            ],
            "area": 375.0735408030434,
            "iscrowd": 0,
            "score": 0.9407866597175598
        },
        {
            "image_id": 4,
            "id": 210,
            "category_id": 0,
            "bbox": [
                217.7366027832031,
                707.0918579101562,
                27.598175048828153,
                21.3450927734375
            ],
            "area": 589.0856067948049,
            "iscrowd": 0,
            "score": 0.9347989559173584
        },
        {
            "image_id": 4,
            "id": 211,
            "category_id": 0,
            "bbox": [
                1094.582275390625,
                1040.4691162109375,
                23.9178466796875,
                17.746826171875
            ],
            "area": 424.4658674299717,
            "iscrowd": 0,
            "score": 0.9264339208602905
        },
        {
            "image_id": 4,
            "id": 212,
            "category_id": 0,
            "bbox": [
                711.3206176757812,
                644.2575073242188,
                24.020568847656136,
                23.9105224609375
            ],
            "area": 574.3443509563776,
            "iscrowd": 0,
            "score": 0.9222491979598999
        },
        {
            "image_id": 4,
            "id": 213,
            "category_id": 0,
            "bbox": [
                919.8750610351562,
                843.08935546875,
                24.45257568359375,
                18.733154296875
            ],
            "area": 458.0738732367754,
            "iscrowd": 0,
            "score": 0.7741137146949768
        },
        {
            "image_id": 4,
            "id": 214,
            "category_id": 0,
            "bbox": [
                442.24615478515625,
                829.73828125,
                15.58203125,
                21.855712890625
            ],
            "area": 340.5564012527466,
            "iscrowd": 0,
            "score": 0.738118052482605
        },
        {
            "image_id": 4,
            "id": 215,
            "category_id": 0,
            "bbox": [
                55.66083526611328,
                979.2811889648436,
                24.716087341308594,
                16.786987304687614
            ],
            "area": 414.9086444200976,
            "iscrowd": 0,
            "score": 0.6486199498176575
        },
        {
            "image_id": 4,
            "id": 216,
            "category_id": 0,
            "bbox": [
                1171.9541015625,
                203.9062347412109,
                17.08056640625,
                16.37695312500003
            ],
            "area": 279.72763538360647,
            "iscrowd": 0,
            "score": 0.6014133095741272
        },
        {
            "image_id": 4,
            "id": 217,
            "category_id": 0,
            "bbox": [
                583.4256591796875,
                191.20883178710935,
                17.0531005859375,
                22.36389160156253
            ],
            "area": 381.3736929744487,
            "iscrowd": 0,
            "score": 0.4274839162826538
        },
        {
            "image_id": 4,
            "id": 218,
            "category_id": 0,
            "bbox": [
                855.2657470703125,
                480.94216918945307,
                20.2105712890625,
                21.616363525390682
            ],
            "area": 436.87905604019875,
            "iscrowd": 0,
            "score": 0.323743611574173
        },
        {
            "image_id": 4,
            "id": 219,
            "category_id": 0,
            "bbox": [
                169.9191436767578,
                868.8840332031249,
                19.9044189453125,
                22.601257324218864
            ],
            "area": 449.86489447206486,
            "iscrowd": 0,
            "score": 0.2793499529361725
        },
        {
            "image_id": 4,
            "id": 220,
            "category_id": 0,
            "bbox": [
                25.405210494995117,
                820.592529296875,
                23.850427627563477,
                20.63330078125
            ],
            "area": 492.11304700095206,
            "iscrowd": 0,
            "score": 0.14414510130882263
        },
        {
            "image_id": 4,
            "id": 221,
            "category_id": 0,
            "bbox": [
                254.43783569335938,
                554.033447265625,
                21.829742431640625,
                19.6422119140625
            ],
            "area": 428.7844268716872,
            "iscrowd": 0,
            "score": 0.133057102560997
        }
    ]
}