{
    "info": {
        "year": "",
        "version": "",
        "contributor": "",
        "url": "https://voxel51.com/fiftyone",
        "date_created": "2023-10-12T14:22:59"
    },
    "licenses": [],
    "categories": [
        {
            "id": 0,
            "name": "1",
            "supercategory": null
        }
    ],
    "images": [
        {
            "id": 1,
            "file_name": "SN3_roads_train_AOI_2_Vegas_PS-MS_img1041.jpg",
            "height": 1300,
            "width": 1300,
            "license": null,
            "coco_url": null
        },
        {
            "id": 2,
            "file_name": "SN3_roads_train_AOI_2_Vegas_PS-MS_img1103.jpg",
            "height": 1300,
            "width": 1300,
            "license": null,
            "coco_url": null
        },
        {
            "id": 3,
            "file_name": "SN3_roads_train_AOI_2_Vegas_PS-RGB_img1039.jpg",
            "height": 1300,
            "width": 1300,
            "license": null,
            "coco_url": null
        },
        {
            "id": 4,
            "file_name": "SN3_roads_train_AOI_2_Vegas_PS-RGB_img1113.jpg",
            "height": 1300,
            "width": 1300,
            "license": null,
            "coco_url": null
        }
    ],
    "annotations": [
        {
            "image_id": 1,
            "id": 1,
            "category_id": 0,
            "bbox": [
                313.3528904456861,
                422.8307790737008,
                31.42077378233057,
                22.944213204688992
            ],
            "area": 720.9249327180947,
            "iscrowd": 0
        },
        {
            "image_id": 1,
            "id": 2,
            "category_id": 0,
            "bbox": [
                386.19195694108873,
                438.12692121016016,
                39.99007572296614,
                19.120177670574037
            ],
            "area": 764.617352882822,
            "iscrowd": 0
        },
        {
            "image_id": 1,
            "id": 3,
            "category_id": 0,
            "bbox": [
                696.1150437940768,
                426.65481460781575,
                24.279688831800854,
                19.120177670574037
            ],
            "area": 464.23196425028453,
            "iscrowd": 0
        },
        {
            "image_id": 1,
            "id": 4,
            "category_id": 0,
            "bbox": [
                878.9268185276363,
                449.5990278125046,
                28.56433980211898,
                22.94421320468888
            ],
            "area": 655.3863024709984,
            "iscrowd": 0
        },
        {
            "image_id": 1,
            "id": 5,
            "category_id": 0,
            "bbox": [
                987.4713097756874,
                426.65481460781575,
                29.99255679222472,
                21.032195437631344
            ],
            "area": 630.8093161283277,
            "iscrowd": 0
        },
        {
            "image_id": 1,
            "id": 6,
            "category_id": 0,
            "bbox": [
                1074.5925461721495,
                458.89690666477856,
                33.54950793070907,
                17.470369886529625
            ],
            "area": 586.1223130605465,
            "iscrowd": 0
        },
        {
            "image_id": 1,
            "id": 7,
            "category_id": 0,
            "bbox": [
                1096.2510236315409,
                441.95095674427495,
                26.90090020421053,
                16.108105041657723
            ],
            "area": 433.3225262045749,
            "iscrowd": 0
        },
        {
            "image_id": 1,
            "id": 8,
            "category_id": 0,
            "bbox": [
                1130.0465839184442,
                430.4101807840151,
                24.40790465165219,
                18.43258733461164
            ],
            "area": 449.90083414645267,
            "iscrowd": 0
        },
        {
            "image_id": 1,
            "id": 9,
            "category_id": 0,
            "bbox": [
                1171.352268713548,
                456.3833720282407,
                31.779806568135655,
                16.15986898895278
            ],
            "area": 513.5575106353333,
            "iscrowd": 0
        },
        {
            "image_id": 1,
            "id": 10,
            "category_id": 0,
            "bbox": [
                1238.317545578338,
                333.2201748378806,
                17.52362385246829,
                31.838105396147512
            ],
            "area": 557.91898313733,
            "iscrowd": 0
        },
        {
            "image_id": 1,
            "id": 11,
            "category_id": 0,
            "bbox": [
                536.154740902212,
                1271.6064391453858,
                18.115630720842887,
                22.62181172884152
            ],
            "area": 409.80838751612544,
            "iscrowd": 0
        },
        {
            "image_id": 1,
            "id": 12,
            "category_id": 0,
            "bbox": [
                854.6471296958355,
                1241.17438337427,
                34.2772077625425,
                24.856230971746072
            ],
            "area": 852.0021932122838,
            "iscrowd": 0
        },
        {
            "image_id": 1,
            "id": 13,
            "category_id": 0,
            "bbox": [
                171.9594084251985,
                1264.1185965789587,
                19.94745567717115,
                31.78534405296068
            ],
            "area": 634.0367416800688,
            "iscrowd": 0
        },
        {
            "image_id": 1,
            "id": 14,
            "category_id": 0,
            "bbox": [
                447.6052875156441,
                1279.1470430549996,
                17.795277427035387,
                18.432587334611753
            ],
            "area": 328.0130053174749,
            "iscrowd": 0
        },
        {
            "image_id": 1,
            "id": 15,
            "category_id": 0,
            "bbox": [
                1253.3377945947393,
                298.03068992634917,
                35.04724770493681,
                30.162415638455514
            ],
            "area": 1057.1096522602102,
            "iscrowd": 0
        },
        {
            "image_id": 1,
            "id": 16,
            "category_id": 0,
            "bbox": [
                1137.5567084266447,
                1261.552300599234,
                20.026998688535514,
                15.08120781922753
            ],
            "area": 302.0313292172013,
            "iscrowd": 0
        },
        {
            "image_id": 1,
            "id": 17,
            "category_id": 0,
            "bbox": [
                143.0910547990649,
                1270.76859426654,
                11.891030471317805,
                25.13534636537929
            ],
            "area": 298.8851695378524,
            "iscrowd": 0
        },
        {
            "image_id": 2,
            "id": 18,
            "category_id": 0,
            "bbox": [
                400.0509617471962,
                1018.2202353905989,
                22.89119944602487,
                46.872456008527024
            ],
            "area": 1072.966739016219,
            "iscrowd": 0
        },
        {
            "image_id": 2,
            "id": 19,
            "category_id": 0,
            "bbox": [
                899.2971210938335,
                708.098985752786,
                14.170742514205813,
                19.62102809659268
            ],
            "area": 278.04453702081264,
            "iscrowd": 0
        },
        {
            "image_id": 2,
            "id": 20,
            "category_id": 0,
            "bbox": [
                449.7734994337486,
                658.5013869530654,
                26.036431908625104,
                20.20755981930131
            ],
            "area": 526.1327552747072,
            "iscrowd": 0
        },
        {
            "image_id": 2,
            "id": 21,
            "category_id": 0,
            "bbox": [
                408.7714186790152,
                653.0511013706786,
                14.17074251420587,
                25.616342237218305
            ],
            "area": 363.00258999939695,
            "iscrowd": 0
        },
        {
            "image_id": 2,
            "id": 22,
            "category_id": 0,
            "bbox": [
                646.4038700710827,
                269.3509963706431,
                26.161370795456946,
                17.44091386363789
            ],
            "area": 456.27821459825645,
            "iscrowd": 0
        },
        {
            "image_id": 2,
            "id": 23,
            "category_id": 0,
            "bbox": [
                663.299755376482,
                246.4597969246181,
                22.346170887786116,
                22.34617088778623
            ],
            "area": 499.3513533461423,
            "iscrowd": 0
        },
        {
            "image_id": 2,
            "id": 24,
            "category_id": 0,
            "bbox": [
                703.6318686861448,
                270.89467723669304,
                24.526285120741022,
                13.1720902063945
            ],
            "area": 323.062440038152,
            "iscrowd": 0
        },
        {
            "image_id": 2,
            "id": 25,
            "category_id": 0,
            "bbox": [
                1007.7578041833322,
                320.5836808450796,
                14.715771072444568,
                21.25611377130872
            ],
            "area": 312.80010414841547,
            "iscrowd": 0
        },
        {
            "image_id": 2,
            "id": 26,
            "category_id": 0,
            "bbox": [
                1032.8291178623117,
                311.8632239132605,
                22.34617088778623,
                17.440913863638002
            ],
            "area": 389.73764163601476,
            "iscrowd": 0
        },
        {
            "image_id": 2,
            "id": 27,
            "category_id": 0,
            "bbox": [
                934.1789488211094,
                166.36466591166484,
                13.216294666999374,
                21.777075281413744
            ],
            "area": 287.8122439045924,
            "iscrowd": 0
        },
        {
            "image_id": 2,
            "id": 28,
            "category_id": 0,
            "bbox": [
                450.19358910515547,
                158.16517048995092,
                15.26079963068321,
                20.166056654831465
            ],
            "area": 307.7501499503887,
            "iscrowd": 0
        },
        {
            "image_id": 2,
            "id": 29,
            "category_id": 0,
            "bbox": [
                101.37531183239577,
                194.13705533370418,
                16.350856747160634,
                26.16137079545709
            ],
            "area": 427.7608261858707,
            "iscrowd": 0
        },
        {
            "image_id": 2,
            "id": 30,
            "category_id": 0,
            "bbox": [
                18.403171007927522,
                330.3941948933759,
                18.113742394064506,
                15.805828188921964
            ],
            "area": 286.3027001389756,
            "iscrowd": 0
        },
        {
            "image_id": 2,
            "id": 31,
            "category_id": 0,
            "bbox": [
                102.46536894887315,
                585.4675601490815,
                17.985942421876672,
                20.711085213070078
            ],
            "area": 372.50838613685977,
            "iscrowd": 0
        },
        {
            "image_id": 2,
            "id": 32,
            "category_id": 0,
            "bbox": [
                489.524348810872,
                1181.728802862205,
                14.627067559913371,
                29.93597629974306
            ],
            "area": 437.87554780830726,
            "iscrowd": 0
        },
        {
            "image_id": 2,
            "id": 33,
            "category_id": 0,
            "bbox": [
                257.7985080468989,
                570.2067605183981,
                27.251427911934343,
                11.990628281251134
            ],
            "area": 326.7617422253165,
            "iscrowd": 0
        },
        {
            "image_id": 2,
            "id": 34,
            "category_id": 0,
            "bbox": [
                259.97862227985365,
                555.4909894459537,
                25.616342237218305,
                11.99062828125102
            ],
            "area": 307.15603769179484,
            "iscrowd": 0
        },
        {
            "image_id": 2,
            "id": 35,
            "category_id": 0,
            "bbox": [
                347.18319159804366,
                439.3999065411133,
                31.06662781960506,
                14.715771072444568
            ],
            "area": 457.1693829861458,
            "iscrowd": 0
        },
        {
            "image_id": 2,
            "id": 36,
            "category_id": 0,
            "bbox": [
                424.5772468679371,
                654.6861870453946,
                10.355542606535096,
                21.256113771308833
            ],
            "area": 220.11859180814602,
            "iscrowd": 0
        },
        {
            "image_id": 2,
            "id": 37,
            "category_id": 0,
            "bbox": [
                513.4169018608432,
                823.1000115411489,
                15.80582818892185,
                24.526285120741022
            ],
            "area": 387.658248730943,
            "iscrowd": 0
        },
        {
            "image_id": 2,
            "id": 38,
            "category_id": 0,
            "bbox": [
                557.5642150781767,
                804.5690405610335,
                22.346170887786116,
                45.2373703338111
            ],
            "area": 1010.8820079934088,
            "iscrowd": 0
        },
        {
            "image_id": 2,
            "id": 39,
            "category_id": 0,
            "bbox": [
                137.8922252343878,
                874.8777245738241,
                16.895885305399275,
                26.161370795456946
            ],
            "area": 442.01952039206276,
            "iscrowd": 0
        },
        {
            "image_id": 2,
            "id": 40,
            "category_id": 0,
            "bbox": [
                67.58354122159719,
                303.1427669814416,
                14.170742514205841,
                19.07599953835404
            ],
            "area": 270.32107765912457,
            "iscrowd": 0
        },
        {
            "image_id": 2,
            "id": 41,
            "category_id": 0,
            "bbox": [
                111.73085443893082,
                308.0480240055898,
                22.34617088778616,
                23.981256562502153
            ],
            "area": 535.8892572495164,
            "iscrowd": 0
        },
        {
            "image_id": 2,
            "id": 42,
            "category_id": 0,
            "bbox": [
                132.9869682102396,
                310.2281382385445,
                10.900571164773737,
                21.256113771308833
            ],
            "area": 231.703780850679,
            "iscrowd": 0
        },
        {
            "image_id": 2,
            "id": 43,
            "category_id": 0,
            "bbox": [
                428.93747533384663,
                198.4972837996138,
                26.706399353695645,
                13.62571395596703
            ],
            "area": 363.8937583872796,
            "iscrowd": 0
        },
        {
            "image_id": 2,
            "id": 44,
            "category_id": 0,
            "bbox": [
                471.4497028764642,
                161.98037039762175,
                15.260799630683266,
                22.346170887786002
            ],
            "area": 341.0204364315098,
            "iscrowd": 0
        },
        {
            "image_id": 2,
            "id": 45,
            "category_id": 0,
            "bbox": [
                812.6375803338823,
                338.0245947087176,
                31.61165637784393,
                15.80582818892185
            ],
            "area": 499.6484094754368,
            "iscrowd": 0
        },
        {
            "image_id": 2,
            "id": 46,
            "category_id": 0,
            "bbox": [
                852.4246650853064,
                349.47019443172996,
                20.166056654831436,
                45.782398892049684
            ],
            "area": 923.250449851166,
            "iscrowd": 0
        },
        {
            "image_id": 2,
            "id": 47,
            "category_id": 0,
            "bbox": [
                876.4059216478086,
                553.3108752129989,
                14.170742514205926,
                22.346170887786116
            ],
            "area": 316.6618338292615,
            "iscrowd": 0
        },
        {
            "image_id": 2,
            "id": 48,
            "category_id": 0,
            "bbox": [
                1230.674484502955,
                493.35773380674334,
                13.08068539772853,
                25.07131367897955
            ],
            "area": 327.9499667424993,
            "iscrowd": 0
        },
        {
            "image_id": 2,
            "id": 49,
            "category_id": 0,
            "bbox": [
                342.8229631321341,
                662.3165868607363,
                21.80114232954753,
                15.26079963068321
            ],
            "area": 332.70286481123105,
            "iscrowd": 0
        },
        {
            "image_id": 3,
            "id": 50,
            "category_id": 0,
            "bbox": [
                517.9835888051141,
                76.08314119515741,
                18.228457544176536,
                16.268832598951192
            ],
            "area": 296.555724323297,
            "iscrowd": 0
        },
        {
            "image_id": 3,
            "id": 51,
            "category_id": 0,
            "bbox": [
                386.19195694108873,
                13.658976923416322,
                15.12950358129558,
                20.125199514467976
            ],
            "area": 304.4842781284313,
            "iscrowd": 0
        },
        {
            "image_id": 3,
            "id": 52,
            "category_id": 0,
            "bbox": [
                350.4865321884405,
                7.922923622244113,
                25.707905821906706,
                17.208159903516624
            ],
            "area": 442.38575416791656,
            "iscrowd": 0
        },
        {
            "image_id": 3,
            "id": 53,
            "category_id": 0,
            "bbox": [
                269.0781637524021,
                97.78775867394212,
                29.99255679222466,
                28.68026650586107
            ],
            "area": 860.1945219931769,
            "iscrowd": 0
        },
        {
            "image_id": 3,
            "id": 54,
            "category_id": 0,
            "bbox": [
                228.75872910417982,
                165.561720489389,
                22.481764304484386,
                25.216690528374357
            ],
            "area": 566.9156929980361,
            "iscrowd": 0
        },
        {
            "image_id": 3,
            "id": 55,
            "category_id": 0,
            "bbox": [
                239.69580363068573,
                192.40529427765844,
                30.988377825100116,
                29.283898678112166
            ],
            "area": 907.4605164292897,
            "iscrowd": 0
        },
        {
            "image_id": 3,
            "id": 56,
            "category_id": 0,
            "bbox": [
                115.74229233028537,
                231.4504925151414,
                17.655257362052865,
                28.858776358680103
            ],
            "area": 509.50912376642407,
            "iscrowd": 0
        },
        {
            "image_id": 3,
            "id": 57,
            "category_id": 0,
            "bbox": [
                34.32184863296354,
                268.8688074927291,
                36.45691508835306,
                33.35110682784995
            ],
            "area": 1215.8784697255173,
            "iscrowd": 0
        },
        {
            "image_id": 3,
            "id": 58,
            "category_id": 0,
            "bbox": [
                59.234073943338096,
                322.55595506926807,
                16.4056117897589,
                17.89571585884636
            ],
            "area": 293.59016708006516,
            "iscrowd": 0
        },
        {
            "image_id": 3,
            "id": 59,
            "category_id": 0,
            "bbox": [
                104.83320989021954,
                3.686836129824572,
                24.8842332239345,
                12.201624449213401
            ],
            "area": 303.62806850508764,
            "iscrowd": 0
        },
        {
            "image_id": 3,
            "id": 60,
            "category_id": 0,
            "bbox": [
                34.85057737502873,
                694.3373019958524,
                32.8489907724365,
                34.41631980703312
            ],
            "area": 1130.5413717624544,
            "iscrowd": 0
        },
        {
            "image_id": 3,
            "id": 61,
            "category_id": 0,
            "bbox": [
                246.98718664835636,
                457.5872656405631,
                24.304610058902,
                17.895715858846245
            ],
            "area": 434.9483956741665,
            "iscrowd": 0
        },
        {
            "image_id": 3,
            "id": 62,
            "category_id": 0,
            "bbox": [
                197.1627360276072,
                448.6394077111398,
                20.658918550066687,
                19.522599118741482
            ],
            "area": 403.31578507968396,
            "iscrowd": 0
        },
        {
            "image_id": 3,
            "id": 63,
            "category_id": 0,
            "bbox": [
                132.7555193715168,
                450.266290971035,
                25.519840561847104,
                23.589807268479206
            ],
            "area": 602.0081203762912,
            "iscrowd": 0
        },
        {
            "image_id": 3,
            "id": 64,
            "category_id": 0,
            "bbox": [
                79.12530406831273,
                457.2470988807342,
                39.99007572296618,
                40.152373108205495
            ],
            "area": 1605.6964410539288,
            "iscrowd": 0
        },
        {
            "image_id": 3,
            "id": 65,
            "category_id": 0,
            "bbox": [
                407.39761303710964,
                404.7135596939716,
                41.925452351606225,
                23.589807268479206
            ],
            "area": 989.0133406181991,
            "iscrowd": 0
        },
        {
            "image_id": 3,
            "id": 66,
            "category_id": 0,
            "bbox": [
                467.55152293289234,
                329.8769297387961,
                18.228457544176592,
                14.641949339055998
            ],
            "area": 266.90015189096675,
            "iscrowd": 0
        },
        {
            "image_id": 3,
            "id": 67,
            "category_id": 0,
            "bbox": [
                124.85652110237363,
                464.09479868014347,
                26.73507106479225,
                20.336040748689015
            ],
            "area": 543.6854945927118,
            "iscrowd": 0
        },
        {
            "image_id": 3,
            "id": 68,
            "category_id": 0,
            "bbox": [
                208.09981055411308,
                455.1469407507203,
                21.26653380153931,
                19.522599118741482
            ],
            "area": 415.1780140526173,
            "iscrowd": 0
        },
        {
            "image_id": 3,
            "id": 69,
            "category_id": 0,
            "bbox": [
                255.4938001689721,
                444.572199561402,
                18.228457544176536,
                17.082274228898882
            ],
            "area": 311.3835105394642,
            "iscrowd": 0
        },
        {
            "image_id": 3,
            "id": 70,
            "category_id": 0,
            "bbox": [
                437.17076035926476,
                438.8781081517692,
                23.089379555956953,
                15.455390969003531
            ],
            "area": 356.85538826903183,
            "iscrowd": 0
        },
        {
            "image_id": 3,
            "id": 71,
            "category_id": 0,
            "bbox": [
                426.23368583275885,
                432.37057511218865,
                21.874149053011763,
                10.574741189318331
            ],
            "area": 231.31346497217206,
            "iscrowd": 0
        },
        {
            "image_id": 3,
            "id": 72,
            "category_id": 0,
            "bbox": [
                398.28338426502154,
                417.7286257731325,
                23.089379555956896,
                13.015066079161102
            ],
            "area": 300.5098006476104,
            "iscrowd": 0
        },
        {
            "image_id": 3,
            "id": 73,
            "category_id": 0,
            "bbox": [
                699.6605489954069,
                529.1701290759482,
                15.797996538286156,
                27.657015418217156
            ],
            "area": 436.9254338363215,
            "iscrowd": 0
        },
        {
            "image_id": 3,
            "id": 74,
            "category_id": 0,
            "bbox": [
                668.6721711703066,
                446.19908282129717,
                20.05130329859412,
                20.336040748689015
            ],
            "area": 407.7641209445325,
            "iscrowd": 0
        },
        {
            "image_id": 3,
            "id": 75,
            "category_id": 0,
            "bbox": [
                732.4717725749246,
                567.4018856834836,
                26.73507106479235,
                24.40324889842691
            ],
            "area": 652.422593511259,
            "iscrowd": 0
        },
        {
            "image_id": 3,
            "id": 76,
            "category_id": 0,
            "bbox": [
                709.9900082704402,
                587.7379264321726,
                27.34268631626469,
                29.283898678112223
            ],
            "area": 800.7004556729007,
            "iscrowd": 0
        },
        {
            "image_id": 3,
            "id": 77,
            "category_id": 0,
            "bbox": [
                908.0725802504918,
                423.4227171827655,
                51.03968112369432,
                51.246822686696305
            ],
            "area": 2615.6214885314835,
            "iscrowd": 0
        },
        {
            "image_id": 3,
            "id": 78,
            "category_id": 0,
            "bbox": [
                929.3391140520308,
                435.6243416319789,
                42.53306760307885,
                46.366172907010935
            ],
            "area": 1972.095566749939,
            "iscrowd": 0
        },
        {
            "image_id": 3,
            "id": 79,
            "category_id": 0,
            "bbox": [
                942.7066495844269,
                442.1318746715594,
                42.53306760307862,
                46.36617290701088
            ],
            "area": 1972.095566749926,
            "iscrowd": 0
        },
        {
            "image_id": 3,
            "id": 80,
            "category_id": 0,
            "bbox": [
                89.61483651696564,
                230.63705088519382,
                23.69699480742949,
                31.724223567954795
            ],
            "area": 751.768761159557,
            "iscrowd": 0
        },
        {
            "image_id": 3,
            "id": 81,
            "category_id": 0,
            "bbox": [
                26.422850363820388,
                330.6903713687437,
                20.65891855006673,
                17.08227422889877
            ],
            "area": 352.9013119447236,
            "iscrowd": 0
        },
        {
            "image_id": 3,
            "id": 82,
            "category_id": 0,
            "bbox": [
                30.06854187265568,
                343.70543744790467,
                15.797996538286327,
                21.14948237863655
            ],
            "area": 334.11944940424786,
            "iscrowd": 0
        },
        {
            "image_id": 3,
            "id": 83,
            "category_id": 0,
            "bbox": [
                8.80200807111641,
                366.4818030864363,
                19.44368804712161,
                23.589807268479206
            ],
            "area": 458.6728536200316,
            "iscrowd": 0
        },
        {
            "image_id": 3,
            "id": 84,
            "category_id": 0,
            "bbox": [
                55.58838243450281,
                293.2720563911559,
                23.08937955595696,
                22.77636563853173
            ],
            "area": 525.8921511333151,
            "iscrowd": 0
        },
        {
            "image_id": 3,
            "id": 85,
            "category_id": 0,
            "bbox": [
                395.24530800765876,
                24.022876878513582,
                18.228457544176422,
                23.58980726847921
            ],
            "area": 430.00580026877765,
            "iscrowd": 0
        },
        {
            "image_id": 3,
            "id": 86,
            "category_id": 0,
            "bbox": [
                504.6160532727179,
                83.40411586468545,
                23.08937955595701,
                17.08227422889877
            ],
            "area": 394.4191133499865,
            "iscrowd": 0
        },
        {
            "image_id": 3,
            "id": 87,
            "category_id": 0,
            "bbox": [
                489.42567198590416,
                98.04606520374152,
                27.95030156773737,
                20.336040748689015
            ],
            "area": 568.3984716196536,
            "iscrowd": 0
        },
        {
            "image_id": 3,
            "id": 88,
            "category_id": 0,
            "bbox": [
                475.4505212020355,
                317.6753052895827,
                23.089379555956896,
                17.08227422889877
            ],
            "area": 394.41911334998457,
            "iscrowd": 0
        },
        {
            "image_id": 4,
            "id": 89,
            "category_id": 0,
            "bbox": [
                90.5436013590034,
                1205.6882582823775,
                20.6095228081944,
                28.068970749292475
            ],
            "area": 578.4880928600846,
            "iscrowd": 0
        },
        {
            "image_id": 4,
            "id": 90,
            "category_id": 0,
            "bbox": [
                71.85656511818848,
                1160.216525668524,
                22.455176599433898,
                25.82345308934896
            ],
            "area": 579.8701995285278,
            "iscrowd": 0
        },
        {
            "image_id": 4,
            "id": 91,
            "category_id": 0,
            "bbox": [
                467.06767326822506,
                1247.7917144063163,
                20.77103835447639,
                23.01655601441962
            ],
            "area": 478.0777677634641,
            "iscrowd": 0
        },
        {
            "image_id": 4,
            "id": 92,
            "category_id": 0,
            "bbox": [
                496.88561721404307,
                1279.2289616455237,
                30.249653457667762,
                17.826530993207825
            ],
            "area": 539.2463848969106,
            "iscrowd": 0
        },
        {
            "image_id": 4,
            "id": 93,
            "category_id": 0,
            "bbox": [
                775.1415628539072,
                1138.322728484076,
                22.5785858409821,
                20.20965893949051
            ],
            "area": 456.30551918225774,
            "iscrowd": 0
        },
        {
            "image_id": 4,
            "id": 94,
            "category_id": 0,
            "bbox": [
                1147.6217440543603,
                1068.7116810258308,
                32.67847595338412,
                22.228296324112534
            ],
            "area": 726.3868469122082,
            "iscrowd": 0
        },
        {
            "image_id": 4,
            "id": 95,
            "category_id": 0,
            "bbox": [
                931.328449461521,
                1017.3272933182333,
                23.42806242975871,
                17.14024339346099
            ],
            "area": 401.5626922832634,
            "iscrowd": 0
        },
        {
            "image_id": 4,
            "id": 96,
            "category_id": 0,
            "bbox": [
                953.222246645969,
                969.3475245733359,
                19.086900109518865,
                23.01655601441962
            ],
            "area": 439.31470551237294,
            "iscrowd": 0
        },
        {
            "image_id": 4,
            "id": 97,
            "category_id": 0,
            "bbox": [
                817.0877385119011,
                799.4337485843714,
                24.30523997054513,
                25.07788692261579
            ],
            "area": 609.5240596083723,
            "iscrowd": 0
        },
        {
            "image_id": 4,
            "id": 98,
            "category_id": 0,
            "bbox": [
                830.8415341790543,
                1023.2399484119771,
                15.718623619603704,
                20.77103835447633
            ],
            "area": 326.49213408236614,
            "iscrowd": 0
        },
        {
            "image_id": 4,
            "id": 99,
            "category_id": 0,
            "bbox": [
                344.12558138632454,
                1170.882734553255,
                20.20965893949051,
                23.016556014419848
            ],
            "area": 465.1567470131041,
            "iscrowd": 0
        },
        {
            "image_id": 4,
            "id": 100,
            "category_id": 0,
            "bbox": [
                261.3250283125708,
                967.6633863283782,
                14.31226444548031,
                21.691087057805134
            ],
            "area": 310.4485740812425,
            "iscrowd": 0
        },
        {
            "image_id": 4,
            "id": 101,
            "category_id": 0,
            "bbox": [
                348.6166167062113,
                860.4399180660815,
                27.507591334306483,
                23.01655601441962
            ],
            "area": 633.1300167678289,
            "iscrowd": 0
        },
        {
            "image_id": 4,
            "id": 102,
            "category_id": 0,
            "bbox": [
                485.873883670251,
                680.1812004530011,
                30.314488409235707,
                16.055238729719918
            ],
            "area": 486.70634837960665,
            "iscrowd": 0
        },
        {
            "image_id": 4,
            "id": 103,
            "category_id": 0,
            "bbox": [
                367.1421374007443,
                106.7880534475812,
                31.437247239207466,
                17.96414127954698
            ],
            "area": 564.7431508451712,
            "iscrowd": 0
        },
        {
            "image_id": 4,
            "id": 104,
            "category_id": 0,
            "bbox": [
                1142.1264197887067,
                244.3260101191138,
                24.139314844391492,
                16.280003034589527
            ],
            "area": 392.9881189196055,
            "iscrowd": 0
        },
        {
            "image_id": 4,
            "id": 105,
            "category_id": 0,
            "bbox": [
                1203.316776022164,
                674.6233317057658,
                15.718623619603704,
                25.823453089349073
            ],
            "area": 405.90913966997056,
            "iscrowd": 0
        },
        {
            "image_id": 4,
            "id": 106,
            "category_id": 0,
            "bbox": [
                1181.422978837716,
                652.2083805209513,
                16.255390358207023,
                29.712883579630557
            ],
            "area": 482.99452125485436,
            "iscrowd": 0
        },
        {
            "image_id": 4,
            "id": 107,
            "category_id": 0,
            "bbox": [
                1141.003660958735,
                656.6591904262189,
                14.59586478963206,
                20.209658939490396
            ],
            "area": 294.9774493253807,
            "iscrowd": 0
        },
        {
            "image_id": 4,
            "id": 108,
            "category_id": 0,
            "bbox": [
                1191.5278083074613,
                1020.9944307520338,
                25.82345308934896,
                19.086900109518638
            ],
            "area": 492.88966959924403,
            "iscrowd": 0
        },
        {
            "image_id": 4,
            "id": 109,
            "category_id": 0,
            "bbox": [
                210.5172806196928,
                1169.7599757232833,
                16.841382449575434,
                26.38483250433478
            ],
            "area": 444.3570550734912,
            "iscrowd": 0
        },
        {
            "image_id": 4,
            "id": 110,
            "category_id": 0,
            "bbox": [
                257.1117720635182,
                1247.7917144063163,
                15.157244204617882,
                21.893797184447976
            ],
            "area": 331.8496304910534,
            "iscrowd": 0
        },
        {
            "image_id": 4,
            "id": 111,
            "category_id": 0,
            "bbox": [
                234.65659546408426,
                1170.882734553255,
                14.595864789632003,
                16.841382449575576
            ],
            "area": 245.81454110448652,
            "iscrowd": 0
        },
        {
            "image_id": 4,
            "id": 112,
            "category_id": 0,
            "bbox": [
                168.9752039107401,
                1155.725490348637,
                10.104829469745226,
                16.280003034589754
            ],
            "area": 164.50665443146426,
            "iscrowd": 0
        },
        {
            "image_id": 4,
            "id": 113,
            "category_id": 0,
            "bbox": [
                179.08003338048533,
                1152.918593273708,
                14.034485374646238,
                19.086900109518865
            ],
            "area": 267.8748204343762,
            "iscrowd": 0
        },
        {
            "image_id": 4,
            "id": 114,
            "category_id": 0,
            "bbox": [
                686.0056451127057,
                1133.2703137492033,
                14.595864789631946,
                24.139314844391492
            ],
            "area": 352.33417558309355,
            "iscrowd": 0
        },
        {
            "image_id": 4,
            "id": 115,
            "category_id": 0,
            "bbox": [
                209.39452178972113,
                977.2068363831377,
                24.139314844391407,
                21.33241776946204
            ],
            "area": 514.949948929134,
            "iscrowd": 0
        },
        {
            "image_id": 4,
            "id": 116,
            "category_id": 0,
            "bbox": [
                267.21660153326343,
                951.3833832937887,
                12.3503471296886,
                17.96414127954722
            ],
            "area": 221.86338068917652,
            "iscrowd": 0
        },
        {
            "image_id": 4,
            "id": 117,
            "category_id": 0,
            "bbox": [
                275.6372927580511,
                973.8385598932226,
                21.33241776946221,
                25.262073674363137
            ],
            "area": 538.9011093444477,
            "iscrowd": 0
        },
        {
            "image_id": 4,
            "id": 118,
            "category_id": 0,
            "bbox": [
                279.0055692479662,
                946.8923479739019,
                17.402761864561285,
                23.016556014419848
            ],
            "area": 400.5516432612844,
            "iscrowd": 0
        },
        {
            "image_id": 4,
            "id": 119,
            "category_id": 0,
            "bbox": [
                955.4677643059124,
                991.8027011727697,
                11.227588299717013,
                28.06897074929236
            ],
            "area": 315.146847569854,
            "iscrowd": 0
        },
        {
            "image_id": 4,
            "id": 120,
            "category_id": 0,
            "bbox": [
                1177.493322932815,
                713.9198907547752,
                15.718623619603704,
                25.82345308934896
            ],
            "area": 405.9091396699688,
            "iscrowd": 0
        },
        {
            "image_id": 4,
            "id": 121,
            "category_id": 0,
            "bbox": [
                1179.7388405927586,
                759.9530027836147,
                17.964141279546993,
                24.13931484439138
            ],
            "area": 433.6420622561127,
            "iscrowd": 0
        },
        {
            "image_id": 4,
            "id": 122,
            "category_id": 0,
            "bbox": [
                930.4863803390422,
                705.2185098224945,
                13.47310595966053,
                25.262073674363137
            ],
            "area": 340.35859537544536,
            "iscrowd": 0
        },
        {
            "image_id": 4,
            "id": 123,
            "category_id": 0,
            "bbox": [
                478.575951275435,
                510.9812322373914,
                30.314488409235764,
                17.40276186456117
            ],
            "area": 527.5558228319298,
            "iscrowd": 0
        },
        {
            "image_id": 4,
            "id": 124,
            "category_id": 0,
            "bbox": [
                288.82970901021855,
                542.4184794765988,
                16.841382449575406,
                24.700694259377315
            ],
            "area": 415.99383879220505,
            "iscrowd": 0
        },
        {
            "image_id": 4,
            "id": 125,
            "category_id": 0,
            "bbox": [
                255.98901323354644,
                635.0460829492637,
                27.507591334306568,
                15.718623619603704
            ],
            "area": 432.3814748658374,
            "iscrowd": 0
        },
        {
            "image_id": 4,
            "id": 126,
            "category_id": 0,
            "bbox": [
                38.17380021903763,
                261.16739256868914,
                26.946211919320675,
                14.034485374646238
            ],
            "area": 378.17621708382416,
            "iscrowd": 0
        },
        {
            "image_id": 4,
            "id": 127,
            "category_id": 0,
            "bbox": [
                504.6800940722769,
                185.38117154559976,
                15.157244204617882,
                20.771038354476303
            ],
            "area": 314.8317007222817,
            "iscrowd": 0
        },
        {
            "image_id": 4,
            "id": 128,
            "category_id": 0,
            "bbox": [
                515.9076823719938,
                184.25841271562808,
                17.964141279547107,
                22.455176599434026
            ],
            "area": 403.387964889413,
            "iscrowd": 0
        }
    ]
}