{
    "info": {
        "year": "",
        "version": "",
        "contributor": "",
        "url": "https://voxel51.com/fiftyone",
        "date_created": "2023-10-12T14:22:59"
    },
    "licenses": [],
    "categories": [
        {
            "id": 0,
            "name": "1",
            "supercategory": null
        }
    ],
    "images": [
        {
            "id": 1,
            "file_name": "SN3_roads_train_AOI_2_Vegas_PS-MS_img1041.jpg",
            "height": 1300,
            "width": 1300,
            "license": null,
            "coco_url": null
        },
        {
            "id": 2,
            "file_name": "SN3_roads_train_AOI_2_Vegas_PS-MS_img1103.jpg",
            "height": 1300,
            "width": 1300,
            "license": null,
            "coco_url": null
        },
        {
            "id": 3,
            "file_name": "SN3_roads_train_AOI_2_Vegas_PS-RGB_img1039.jpg",
            "height": 1300,
            "width": 1300,
            "license": null,
            "coco_url": null
        },
        {
            "id": 4,
            "file_name": "SN3_roads_train_AOI_2_Vegas_PS-RGB_img1113.jpg",
            "height": 1300,
            "width": 1300,
            "license": null,
            "coco_url": null
        }
    ],
    "annotations": [
        {
            "image_id": 1,
            "id": 1,
            "category_id": 0,
            "bbox": [
                424.8791809082031,
                534.1766967773438,
                21.663970947265625,
                21.231201171875
            ],
            "area": 459.9521253630519,
            "iscrowd": 0,
            "score": 1.0
        },
        {
            "image_id": 1,
            "id": 2,
            "category_id": 0,
            "bbox": [
                1075.7576904296875,
                541.9434814453125,
                20.8709716796875,
                18.8734130859375
            ],
            "area": 393.906470015645,
            "iscrowd": 0,
            "score": 1.0
        },
        {
            "image_id": 1,
            "id": 3,
            "category_id": 0,
            "bbox": [
                882.2122192382812,
                451.52218627929693,
                24.64459228515625,
                17.576141357421818
            ],
            "area": 433.1568376999334,
            "iscrowd": 0,
            "score": 1.0
        },
        {
            "image_id": 1,
            "id": 4,
            "category_id": 0,
            "bbox": [
                253.50523376464844,
                960.9349975585938,
                19.602554321289062,
                20.790710449218864
            ],
            "area": 407.5510309590049,
            "iscrowd": 0,
            "score": 1.0
        },
        {
            "image_id": 1,
            "id": 5,
            "category_id": 0,
            "bbox": [
                218.47055053710935,
                516.9462890625,
                18.675155639648466,
                18.998046875
            ],
            "area": 354.79148223996214,
            "iscrowd": 0,
            "score": 1.0
        },
        {
            "image_id": 1,
            "id": 6,
            "category_id": 0,
            "bbox": [
                344.8246765136719,
                529.5090942382812,
                18.0672607421875,
                21.94989013671875
            ],
            "area": 396.5743883624673,
            "iscrowd": 0,
            "score": 1.0
        },
        {
            "image_id": 1,
            "id": 7,
            "category_id": 0,
            "bbox": [
                283.53131103515625,
                519.6822509765625,
                20.555694580078125,
                19.78192138671875
            ],
            "area": 406.63113423250616,
            "iscrowd": 0,
            "score": 1.0
        },
        {
            "image_id": 1,
            "id": 8,
            "category_id": 0,
            "bbox": [
                287.2340393066406,
                942.1237182617188,
                20.5487060546875,
                19.110595703125
            ],
            "area": 392.6980136334896,
            "iscrowd": 0,
            "score": 1.0
        },
        {
            "image_id": 1,
            "id": 9,
            "category_id": 0,
            "bbox": [
                194.20883178710938,
                838.1272583007812,
                17.24468994140625,
                21.0345458984375
            ],
            "area": 362.73422207683325,
            "iscrowd": 0,
            "score": 1.0
        },
        {
            "image_id": 1,
            "id": 10,
            "category_id": 0,
            "bbox": [
                311.3104553222656,
                920.732177734375,
                22.03546142578125,
                21.105590820312386
            ],
            "area": 465.07143238931644,
            "iscrowd": 0,
            "score": 1.0
        },
        {
            "image_id": 1,
            "id": 11,
            "category_id": 0,
            "bbox": [
                551.9118041992188,
                390.5244140625,
                18.34588623046875,
                20.892395019531193
            ],
            "area": 383.2895021103312,
            "iscrowd": 0,
            "score": 0.9999998807907104
        },
        {
            "image_id": 1,
            "id": 12,
            "category_id": 0,
            "bbox": [
                536.9203491210938,
                1273.0716552734375,
                16.1336669921875,
                24.82666015625
            ],
            "area": 400.5450674891472,
            "iscrowd": 0,
            "score": 0.9999979734420776
        },
        {
            "image_id": 1,
            "id": 13,
            "category_id": 0,
            "bbox": [
                920.0088500976564,
                538.8706665039062,
                22.193176269531136,
                19.10723876953125
            ],
            "area": 424.05031803622626,
            "iscrowd": 0,
            "score": 0.9999946355819702
        },
        {
            "image_id": 1,
            "id": 14,
            "category_id": 0,
            "bbox": [
                828.643798828125,
                534.8090209960938,
                20.14337158203125,
                20.23809814453125
            ],
            "area": 407.66353103891015,
            "iscrowd": 0,
            "score": 0.9999886751174927
        },
        {
            "image_id": 1,
            "id": 15,
            "category_id": 0,
            "bbox": [
                1064.3294677734375,
                379.7090148925781,
                21.4578857421875,
                21.626129150390625
            ],
            "area": 464.05100835487247,
            "iscrowd": 0,
            "score": 0.9999852180480957
        },
        {
            "image_id": 1,
            "id": 16,
            "category_id": 0,
            "bbox": [
                448.5792541503906,
                1280.9803466796875,
                14.389617919921875,
                19.0196533203125
            ],
            "area": 273.68554424867034,
            "iscrowd": 0,
            "score": 0.9999786615371704
        },
        {
            "image_id": 1,
            "id": 17,
            "category_id": 0,
            "bbox": [
                1050.238037109375,
                934.1574096679688,
                18.6070556640625,
                20.090515136718636
            ],
            "area": 373.8253334686139,
            "iscrowd": 0,
            "score": 0.9999306201934814
        },
        {
            "image_id": 1,
            "id": 18,
            "category_id": 0,
            "bbox": [
                565.1130981445312,
                855.7221069335936,
                21.94134521484375,
                19.846923828125114
            ],
            "area": 435.46820716560137,
            "iscrowd": 0,
            "score": 0.9996063113212585
        },
        {
            "image_id": 1,
            "id": 19,
            "category_id": 0,
            "bbox": [
                190.53085327148438,
                518.0498046875,
                20.111312866210938,
                19.19189453125
            ],
            "area": 385.97419541329145,
            "iscrowd": 0,
            "score": 0.999599039554596
        },
        {
            "image_id": 1,
            "id": 20,
            "category_id": 0,
            "bbox": [
                193.08535766601562,
                802.627685546875,
                19.178955078125,
                20.14190673828125
            ],
            "area": 386.30072452127934,
            "iscrowd": 0,
            "score": 0.9995390176773071
        },
        {
            "image_id": 1,
            "id": 21,
            "category_id": 0,
            "bbox": [
                696.63818359375,
                626.5316772460938,
                21.74273681640625,
                21.6805419921875
            ],
            "area": 471.39431857317686,
            "iscrowd": 0,
            "score": 0.9993570446968079
        },
        {
            "image_id": 1,
            "id": 22,
            "category_id": 0,
            "bbox": [
                1229.6441650390625,
                791.6829223632812,
                22.245361328125,
                19.31256103515625
            ],
            "area": 429.61489839851856,
            "iscrowd": 0,
            "score": 0.9991157650947571
        },
        {
            "image_id": 1,
            "id": 23,
            "category_id": 0,
            "bbox": [
                1060.72021484375,
                998.1903686523438,
                16.6961669921875,
                19.864196777343864
            ],
            "area": 331.6559465602059,
            "iscrowd": 0,
            "score": 0.9987699389457703
        },
        {
            "image_id": 1,
            "id": 24,
            "category_id": 0,
            "bbox": [
                882.757568359375,
                868.8530273437501,
                18.3038330078125,
                22.06182861328125
            ],
            "area": 403.8160267844796,
            "iscrowd": 0,
            "score": 0.9986949563026428
        },
        {
            "image_id": 1,
            "id": 25,
            "category_id": 0,
            "bbox": [
                361.05303955078125,
                702.3483276367188,
                19.85638427734375,
                18.80059814453125
            ],
            "area": 373.3119014017284,
            "iscrowd": 0,
            "score": 0.9975969195365906
        },
        {
            "image_id": 1,
            "id": 26,
            "category_id": 0,
            "bbox": [
                874.133056640625,
                624.8994750976562,
                19.309570312499886,
                22.27838134765625
            ],
            "area": 430.1859710812543,
            "iscrowd": 0,
            "score": 0.9975805282592773
        },
        {
            "image_id": 1,
            "id": 27,
            "category_id": 0,
            "bbox": [
                889.2821655273438,
                540.6842651367188,
                21.879150390625,
                17.57183837890625
            ],
            "area": 384.45689453184605,
            "iscrowd": 0,
            "score": 0.9908708930015564
        },
        {
            "image_id": 1,
            "id": 28,
            "category_id": 0,
            "bbox": [
                396.5650939941406,
                673.1636352539062,
                25.5123291015625,
                17.7623291015625
            ],
            "area": 453.15838564932346,
            "iscrowd": 0,
            "score": 0.9873480796813965
        },
        {
            "image_id": 1,
            "id": 29,
            "category_id": 0,
            "bbox": [
                105.47676086425781,
                929.3874511718751,
                24.99468994140625,
                17.528442382812273
            ],
            "area": 438.1179825141969,
            "iscrowd": 0,
            "score": 0.9723277688026428
        },
        {
            "image_id": 1,
            "id": 30,
            "category_id": 0,
            "bbox": [
                398.4520568847656,
                879.3046875,
                19.82159423828125,
                21.889892578125
            ],
            "area": 433.892568603158,
            "iscrowd": 0,
            "score": 0.9454473257064819
        },
        {
            "image_id": 1,
            "id": 31,
            "category_id": 0,
            "bbox": [
                683.6987915039062,
                809.9120483398436,
                25.500915527343864,
                20.052734375000114
            ],
            "area": 511.36308538914244,
            "iscrowd": 0,
            "score": 0.9316923022270203
        },
        {
            "image_id": 1,
            "id": 32,
            "category_id": 0,
            "bbox": [
                1276.9993896484375,
                715.2249755859375,
                18.9271240234375,
                23.640625
            ],
            "area": 447.44904136657715,
            "iscrowd": 0,
            "score": 0.9061716794967651
        },
        {
            "image_id": 1,
            "id": 33,
            "category_id": 0,
            "bbox": [
                1043.2978515625,
                842.1107177734375,
                19.081298828125,
                18.14178466796875
            ],
            "area": 346.1688145250082,
            "iscrowd": 0,
            "score": 0.7411956191062927
        },
        {
            "image_id": 1,
            "id": 34,
            "category_id": 0,
            "bbox": [
                1235.2060546875,
                336.7563171386719,
                17.613037109375,
                27.909454345703125
            ],
            "area": 491.5702550932765,
            "iscrowd": 0,
            "score": 0.7137837409973145
        },
        {
            "image_id": 1,
            "id": 35,
            "category_id": 0,
            "bbox": [
                897.0737915039062,
                671.6094360351562,
                17.674072265625114,
                19.80609130859375
            ],
            "area": 350.05428908765543,
            "iscrowd": 0,
            "score": 0.656687319278717
        },
        {
            "image_id": 1,
            "id": 36,
            "category_id": 0,
            "bbox": [
                1105.7044677734375,
                876.0401611328125,
                19.7310791015625,
                19.2857666015625
            ],
            "area": 380.5289863497019,
            "iscrowd": 0,
            "score": 0.6309475302696228
        },
        {
            "image_id": 1,
            "id": 37,
            "category_id": 0,
            "bbox": [
                763.4934082031251,
                910.4923095703125,
                20.110107421875,
                17.16925048828125
            ],
            "area": 345.27547167241573,
            "iscrowd": 0,
            "score": 0.4952393174171448
        },
        {
            "image_id": 1,
            "id": 38,
            "category_id": 0,
            "bbox": [
                1029.9913330078125,
                526.4173583984375,
                18.16259765625,
                20.9564208984375
            ],
            "area": 380.62304109334946,
            "iscrowd": 0,
            "score": 0.4921902120113373
        },
        {
            "image_id": 1,
            "id": 39,
            "category_id": 0,
            "bbox": [
                1266.512451171875,
                342.80523681640625,
                20.458740234375,
                20.77825927734375
            ],
            "area": 425.0970090776682,
            "iscrowd": 0,
            "score": 0.4110400378704071
        },
        {
            "image_id": 1,
            "id": 40,
            "category_id": 0,
            "bbox": [
                453.58758544921875,
                908.7166748046874,
                18.171875,
                18.153686523437614
            ],
            "area": 329.88652229309287,
            "iscrowd": 0,
            "score": 0.39991486072540283
        },
        {
            "image_id": 1,
            "id": 41,
            "category_id": 0,
            "bbox": [
                1091.3170166015625,
                945.9090576171875,
                15.73486328125,
                19.99298095703125
            ],
            "area": 314.5868219435215,
            "iscrowd": 0,
            "score": 0.31063055992126465
        },
        {
            "image_id": 1,
            "id": 42,
            "category_id": 0,
            "bbox": [
                1230.08154296875,
                715.3627319335938,
                20.9459228515625,
                21.93597412109375
            ],
            "area": 459.4692216143012,
            "iscrowd": 0,
            "score": 0.2321736067533493
        },
        {
            "image_id": 1,
            "id": 43,
            "category_id": 0,
            "bbox": [
                1068.80322265625,
                372.7353515625,
                19.9029541015625,
                21.432128906250057
            ],
            "area": 426.5626779198658,
            "iscrowd": 0,
            "score": 0.07220745086669922
        },
        {
            "image_id": 1,
            "id": 44,
            "category_id": 0,
            "bbox": [
                729.7725830078124,
                890.7310180664062,
                26.531616210937614,
                15.77471923828125
            ],
            "area": 418.5287966653723,
            "iscrowd": 0,
            "score": 0.06315317004919052
        },
        {
            "image_id": 1,
            "id": 45,
            "category_id": 0,
            "bbox": [
                842.43505859375,
                62.89373779296875,
                24.86834716796875,
                20.359176635742188
            ],
            "area": 506.2990726316348,
            "iscrowd": 0,
            "score": 0.05061057209968567
        },
        {
            "image_id": 2,
            "id": 46,
            "category_id": 0,
            "bbox": [
                450.3895263671875,
                658.1514282226562,
                25.52935791015625,
                20.31793212890625
            ],
            "area": 518.7037613131106,
            "iscrowd": 0,
            "score": 1.0
        },
        {
            "image_id": 2,
            "id": 47,
            "category_id": 0,
            "bbox": [
                343.32733154296875,
                661.1689453125,
                20.52911376953125,
                16.086669921875
            ],
            "area": 330.24507699906826,
            "iscrowd": 0,
            "score": 1.0
        },
        {
            "image_id": 2,
            "id": 48,
            "category_id": 0,
            "bbox": [
                876.02294921875,
                552.4520263671875,
                13.922241210937614,
                24.527099609375
            ],
            "area": 341.47219696641247,
            "iscrowd": 0,
            "score": 1.0
        },
        {
            "image_id": 2,
            "id": 49,
            "category_id": 0,
            "bbox": [
                450.40740966796875,
                157.77310180664062,
                14.87921142578125,
                21.699859619140625
            ],
            "area": 322.87679918296635,
            "iscrowd": 0,
            "score": 1.0
        },
        {
            "image_id": 2,
            "id": 50,
            "category_id": 0,
            "bbox": [
                1033.6490478515625,
                311.78448486328125,
                22.0987548828125,
                18.362762451171875
            ],
            "area": 405.7941863797605,
            "iscrowd": 0,
            "score": 1.0
        },
        {
            "image_id": 2,
            "id": 51,
            "category_id": 0,
            "bbox": [
                662.971435546875,
                247.02627563476562,
                23.20941162109375,
                21.59503173828125
            ],
            "area": 501.2079805843532,
            "iscrowd": 0,
            "score": 1.0
        },
        {
            "image_id": 2,
            "id": 52,
            "category_id": 0,
            "bbox": [
                400.5518798828125,
                1019.1477661132812,
                22.779327392578125,
                46.13458251953125
            ],
            "area": 1050.9147593323141,
            "iscrowd": 0,
            "score": 1.0
        },
        {
            "image_id": 2,
            "id": 53,
            "category_id": 0,
            "bbox": [
                489.3370361328125,
                1182.1710205078125,
                15.019561767578125,
                29.3323974609375
            ],
            "area": 440.55975545570254,
            "iscrowd": 0,
            "score": 1.0
        },
        {
            "image_id": 2,
            "id": 54,
            "category_id": 0,
            "bbox": [
                258.4447937011719,
                570.1292724609375,
                27.55340576171875,
                12.91400146484375
            ],
            "area": 355.82472236827016,
            "iscrowd": 0,
            "score": 1.0
        },
        {
            "image_id": 2,
            "id": 55,
            "category_id": 0,
            "bbox": [
                1007.6631469726562,
                320.302490234375,
                14.7144775390625,
                21.796844482421875
            ],
            "area": 320.72917855903506,
            "iscrowd": 0,
            "score": 1.0
        },
        {
            "image_id": 2,
            "id": 56,
            "category_id": 0,
            "bbox": [
                112.62911987304688,
                308.9913330078125,
                20.51544189453125,
                22.91796875
            ],
            "area": 470.172256231308,
            "iscrowd": 0,
            "score": 1.0
        },
        {
            "image_id": 2,
            "id": 57,
            "category_id": 0,
            "bbox": [
                898.9952392578125,
                708.3162231445314,
                13.9241943359375,
                19.639160156249773
            ],
            "area": 273.4594826102225,
            "iscrowd": 0,
            "score": 1.0
        },
        {
            "image_id": 2,
            "id": 58,
            "category_id": 0,
            "bbox": [
                1230.0576171875,
                494.6542663574219,
                14.0899658203125,
                24.758697509765625
            ],
            "area": 348.84920166805387,
            "iscrowd": 0,
            "score": 1.0
        },
        {
            "image_id": 2,
            "id": 59,
            "category_id": 0,
            "bbox": [
                470.93450927734375,
                161.92234802246094,
                15.908111572265625,
                23.121719360351562
            ],
            "area": 367.82289132708684,
            "iscrowd": 0,
            "score": 1.0
        },
        {
            "image_id": 2,
            "id": 60,
            "category_id": 0,
            "bbox": [
                428.363037109375,
                198.400390625,
                26.8729248046875,
                14.235076904296875
            ],
            "area": 382.53815123811364,
            "iscrowd": 0,
            "score": 1.0
        },
        {
            "image_id": 2,
            "id": 61,
            "category_id": 0,
            "bbox": [
                704.21435546875,
                270.2919616699219,
                24.83111572265625,
                13.88262939453125
            ],
            "area": 344.72117703035474,
            "iscrowd": 0,
            "score": 1.0
        },
        {
            "image_id": 2,
            "id": 62,
            "category_id": 0,
            "bbox": [
                644.716064453125,
                268.6366271972656,
                27.739990234375,
                17.771026611328125
            ],
            "area": 492.96810465306044,
            "iscrowd": 0,
            "score": 1.0
        },
        {
            "image_id": 2,
            "id": 63,
            "category_id": 0,
            "bbox": [
                133.29296875,
                309.738037109375,
                10.970291137695312,
                22.099151611328125
            ],
            "area": 242.43412707233801,
            "iscrowd": 0,
            "score": 1.0
        },
        {
            "image_id": 2,
            "id": 64,
            "category_id": 0,
            "bbox": [
                813.74658203125,
                336.7646484375,
                30.050720214843864,
                17.94085693359375
            ],
            "area": 539.1356721259674,
            "iscrowd": 0,
            "score": 1.0
        },
        {
            "image_id": 2,
            "id": 65,
            "category_id": 0,
            "bbox": [
                17.9737548828125,
                329.7391357421875,
                18.726036071777344,
                16.812561035156193
            ],
            "area": 314.8326244032931,
            "iscrowd": 0,
            "score": 1.0
        },
        {
            "image_id": 2,
            "id": 66,
            "category_id": 0,
            "bbox": [
                101.10845947265626,
                193.837646484375,
                16.689544677734375,
                26.431732177734375
            ],
            "area": 441.13357509020716,
            "iscrowd": 0,
            "score": 1.0
        },
        {
            "image_id": 2,
            "id": 67,
            "category_id": 0,
            "bbox": [
                349.39886474609375,
                440.0062255859375,
                27.441040039062443,
                13.967529296875
            ],
            "area": 383.28353068232457,
            "iscrowd": 0,
            "score": 1.0
        },
        {
            "image_id": 2,
            "id": 68,
            "category_id": 0,
            "bbox": [
                408.6478271484375,
                653.2232055664062,
                14.432281494140625,
                24.884033203125
            ],
            "area": 359.1333718970418,
            "iscrowd": 0,
            "score": 1.0
        },
        {
            "image_id": 2,
            "id": 69,
            "category_id": 0,
            "bbox": [
                102.45484161376953,
                586.5603637695312,
                18.704261779785156,
                22.31689453125
            ],
            "area": 417.42103742435575,
            "iscrowd": 0,
            "score": 1.0
        },
        {
            "image_id": 2,
            "id": 70,
            "category_id": 0,
            "bbox": [
                933.9197387695312,
                166.98805236816403,
                13.31463623046875,
                22.381195068359403
            ],
            "area": 297.99747073836664,
            "iscrowd": 0,
            "score": 1.0
        },
        {
            "image_id": 2,
            "id": 71,
            "category_id": 0,
            "bbox": [
                556.0218505859375,
                806.4545288085938,
                23.056884765625,
                42.248046875
            ],
            "area": 974.1083483695984,
            "iscrowd": 0,
            "score": 1.0
        },
        {
            "image_id": 2,
            "id": 72,
            "category_id": 0,
            "bbox": [
                260.1495056152344,
                554.8613891601562,
                25.599884033203125,
                13.22076416015625
            ],
            "area": 338.4500293303281,
            "iscrowd": 0,
            "score": 1.0
        },
        {
            "image_id": 2,
            "id": 73,
            "category_id": 0,
            "bbox": [
                138.10037231445312,
                875.236572265625,
                16.356399536132812,
                26.2860107421875
            ],
            "area": 429.94449391029775,
            "iscrowd": 0,
            "score": 1.0
        },
        {
            "image_id": 2,
            "id": 74,
            "category_id": 0,
            "bbox": [
                852.9566040039062,
                347.6747131347656,
                19.969116210937386,
                48.827911376953125
            ],
            "area": 975.0502366237287,
            "iscrowd": 0,
            "score": 1.0
        },
        {
            "image_id": 2,
            "id": 75,
            "category_id": 0,
            "bbox": [
                513.328857421875,
                822.4016723632812,
                16.9302978515625,
                26.59527587890625
            ],
            "area": 450.26594207435846,
            "iscrowd": 0,
            "score": 1.0
        },
        {
            "image_id": 2,
            "id": 76,
            "category_id": 0,
            "bbox": [
                68.05175018310547,
                302.9206237792969,
                14.04864501953125,
                19.28546142578125
            ],
            "area": 270.9346016086638,
            "iscrowd": 0,
            "score": 1.0
        },
        {
            "image_id": 2,
            "id": 77,
            "category_id": 0,
            "bbox": [
                424.3804016113281,
                654.89990234375,
                11.207489013671875,
                22.0906982421875
            ],
            "area": 247.581257853657,
            "iscrowd": 0,
            "score": 1.0
        },
        {
            "image_id": 2,
            "id": 78,
            "category_id": 0,
            "bbox": [
                705.1081542968749,
                285.970947265625,
                23.298217773437614,
                13.077545166015625
            ],
            "area": 304.6834952197984,
            "iscrowd": 0,
            "score": 0.9907001852989197
        },
        {
            "image_id": 2,
            "id": 79,
            "category_id": 0,
            "bbox": [
                757.2504272460938,
                112.77223968505861,
                14.26507568359375,
                21.489540100097642
            ],
            "area": 306.54991593351565,
            "iscrowd": 0,
            "score": 0.9500633478164673
        },
        {
            "image_id": 2,
            "id": 80,
            "category_id": 0,
            "bbox": [
                913.9262084960936,
                705.9019775390625,
                14.219543457031364,
                18.968200683593864
            ],
            "area": 269.71915392205494,
            "iscrowd": 0,
            "score": 0.9459819793701172
        },
        {
            "image_id": 2,
            "id": 81,
            "category_id": 0,
            "bbox": [
                481.3376770019531,
                851.6547241210938,
                16.7117919921875,
                21.13494873046875
            ],
            "area": 353.202866949141,
            "iscrowd": 0,
            "score": 0.8790515661239624
        },
        {
            "image_id": 2,
            "id": 82,
            "category_id": 0,
            "bbox": [
                230.37176513671875,
                930.2160034179688,
                17.944381713867188,
                17.1265869140625
            ],
            "area": 307.3260130416602,
            "iscrowd": 0,
            "score": 0.7183728218078613
        },
        {
            "image_id": 2,
            "id": 83,
            "category_id": 0,
            "bbox": [
                367.7215576171875,
                1280.070068359375,
                21.476409912109375,
                17.315185546875
            ],
            "area": 371.86802250891924,
            "iscrowd": 0,
            "score": 0.5238794684410095
        },
        {
            "image_id": 2,
            "id": 84,
            "category_id": 0,
            "bbox": [
                65.02680969238281,
                745.6759643554686,
                24.1241455078125,
                20.444763183593864
            ],
            "area": 493.2124419137863,
            "iscrowd": 0,
            "score": 0.4305565059185028
        },
        {
            "image_id": 2,
            "id": 85,
            "category_id": 0,
            "bbox": [
                840.1666259765624,
                547.3009033203125,
                19.538513183593864,
                23.48309326171875
            ],
            "area": 458.824727285656,
            "iscrowd": 0,
            "score": 0.2253878116607666
        },
        {
            "image_id": 2,
            "id": 86,
            "category_id": 0,
            "bbox": [
                952.3211059570312,
                5.150872230529785,
                17.698486328124886,
                18.93848896026611
            ],
            "area": 335.18258793861384,
            "iscrowd": 0,
            "score": 0.12770727276802063
        },
        {
            "image_id": 2,
            "id": 87,
            "category_id": 0,
            "bbox": [
                156.50143432617188,
                877.25830078125,
                12.506973266601562,
                23.8697509765625
            ],
            "area": 298.5383373443037,
            "iscrowd": 0,
            "score": 0.07771040499210358
        },
        {
            "image_id": 3,
            "id": 88,
            "category_id": 0,
            "bbox": [
                36.29254913330078,
                696.5008544921874,
                30.027969360351562,
                31.488220214843864
            ],
            "area": 945.5273118233342,
            "iscrowd": 0,
            "score": 1.0
        },
        {
            "image_id": 3,
            "id": 89,
            "category_id": 0,
            "bbox": [
                505.739501953125,
                83.4794921875,
                22.498291015625,
                17.62603759765625
            ],
            "area": 396.55572332441807,
            "iscrowd": 0,
            "score": 1.0
        },
        {
            "image_id": 3,
            "id": 90,
            "category_id": 0,
            "bbox": [
                56.82933807373047,
                292.4164733886719,
                23.165786743164062,
                22.659423828125
            ],
            "area": 524.923380125314,
            "iscrowd": 0,
            "score": 1.0
        },
        {
            "image_id": 3,
            "id": 91,
            "category_id": 0,
            "bbox": [
                699.1893310546875,
                529.7318115234375,
                16.4921875,
                27.7650146484375
            ],
            "area": 457.90582752227783,
            "iscrowd": 0,
            "score": 1.0
        },
        {
            "image_id": 3,
            "id": 92,
            "category_id": 0,
            "bbox": [
                268.9503173828125,
                99.22156524658203,
                27.885650634765625,
                27.141242980957017
            ],
            "area": 756.8512195602522,
            "iscrowd": 0,
            "score": 1.0
        },
        {
            "image_id": 3,
            "id": 93,
            "category_id": 0,
            "bbox": [
                394.4794616699219,
                24.574573516845707,
                18.917114257812557,
                22.385746002197262
            ],
            "area": 423.47371486993626,
            "iscrowd": 0,
            "score": 1.0
        },
        {
            "image_id": 3,
            "id": 94,
            "category_id": 0,
            "bbox": [
                490.6355895996093,
                97.91214752197266,
                25.939178466796932,
                20.25873565673828
            ],
            "area": 525.4949597117968,
            "iscrowd": 0,
            "score": 1.0
        },
        {
            "image_id": 3,
            "id": 95,
            "category_id": 0,
            "bbox": [
                668.7442016601562,
                447.145263671875,
                20.64019775390625,
                19.97576904296875
            ],
            "area": 412.3038233332336,
            "iscrowd": 0,
            "score": 1.0
        },
        {
            "image_id": 3,
            "id": 96,
            "category_id": 0,
            "bbox": [
                247.7182312011719,
                457.31787109375,
                24.30725097656247,
                18.371917724609375
            ],
            "area": 446.5708150528366,
            "iscrowd": 0,
            "score": 1.0
        },
        {
            "image_id": 3,
            "id": 97,
            "category_id": 0,
            "bbox": [
                732.3760375976562,
                567.3737182617188,
                26.32720947265625,
                24.56878662109375
            ],
            "area": 646.8275918625295,
            "iscrowd": 0,
            "score": 1.0
        },
        {
            "image_id": 3,
            "id": 98,
            "category_id": 0,
            "bbox": [
                196.21026611328125,
                448.81164550781256,
                21.355682373046875,
                20.739379882812386
            ],
            "area": 442.9036093912994,
            "iscrowd": 0,
            "score": 1.0
        },
        {
            "image_id": 3,
            "id": 99,
            "category_id": 0,
            "bbox": [
                240.2857208251953,
                191.66320800781247,
                28.218460083007812,
                28.16267395019534
            ],
            "area": 794.7072906943512,
            "iscrowd": 0,
            "score": 1.0
        },
        {
            "image_id": 3,
            "id": 100,
            "category_id": 0,
            "bbox": [
                398.18374633789057,
                416.7163391113281,
                24.237060546875057,
                14.489532470703125
            ],
            "area": 351.18367578834375,
            "iscrowd": 0,
            "score": 1.0
        },
        {
            "image_id": 3,
            "id": 101,
            "category_id": 0,
            "bbox": [
                228.58406066894534,
                167.10531616210938,
                21.352325439453125,
                24.510162353515597
            ],
            "area": 523.3489631460974,
            "iscrowd": 0,
            "score": 1.0
        },
        {
            "image_id": 3,
            "id": 102,
            "category_id": 0,
            "bbox": [
                115.10191345214844,
                231.49554443359375,
                18.874862670898438,
                27.223419189453125
            ],
            "area": 513.838298633229,
            "iscrowd": 0,
            "score": 1.0
        },
        {
            "image_id": 3,
            "id": 103,
            "category_id": 0,
            "bbox": [
                207.76464843750003,
                454.56842041015625,
                21.76676940917966,
                20.14495849609375
            ],
            "area": 438.4906663419673,
            "iscrowd": 0,
            "score": 1.0
        },
        {
            "image_id": 3,
            "id": 104,
            "category_id": 0,
            "bbox": [
                133.62254333496094,
                450.9129638671875,
                24.365890502929688,
                24.93267822265625
            ],
            "area": 607.5069075180218,
            "iscrowd": 0,
            "score": 1.0
        },
        {
            "image_id": 3,
            "id": 105,
            "category_id": 0,
            "bbox": [
                90.05419921875,
                231.53762817382812,
                23.467063903808594,
                28.949188232421875
            ],
            "area": 679.3524502136279,
            "iscrowd": 0,
            "score": 1.0
        },
        {
            "image_id": 3,
            "id": 106,
            "category_id": 0,
            "bbox": [
                710.7998046875001,
                589.6513671875,
                26.575256347656136,
                26.39923095703125
            ],
            "area": 701.5663300640852,
            "iscrowd": 0,
            "score": 1.0
        },
        {
            "image_id": 3,
            "id": 107,
            "category_id": 0,
            "bbox": [
                425.1815490722656,
                431.16970825195307,
                23.063293457031193,
                12.555877685546932
            ],
            "area": 289.57989167235854,
            "iscrowd": 0,
            "score": 1.0
        },
        {
            "image_id": 3,
            "id": 108,
            "category_id": 0,
            "bbox": [
                350.4266357421875,
                7.526330471038818,
                25.64898681640625,
                18.07834482192993
            ],
            "area": 463.691228000127,
            "iscrowd": 0,
            "score": 1.0
        },
        {
            "image_id": 3,
            "id": 109,
            "category_id": 0,
            "bbox": [
                30.652694702148434,
                343.045654296875,
                15.739009857177738,
                21.737548828125
            ],
            "area": 342.12749527674174,
            "iscrowd": 0,
            "score": 1.0
        },
        {
            "image_id": 3,
            "id": 110,
            "category_id": 0,
            "bbox": [
                436.6478271484375,
                437.9193420410156,
                24.340576171875,
                16.888824462890625
            ],
            "area": 411.08371829241514,
            "iscrowd": 0,
            "score": 1.0
        },
        {
            "image_id": 3,
            "id": 111,
            "category_id": 0,
            "bbox": [
                7.826521396636964,
                366.1233520507812,
                21.311513423919678,
                23.456970214843807
            ],
            "area": 499.9035356181278,
            "iscrowd": 0,
            "score": 1.0
        },
        {
            "image_id": 3,
            "id": 112,
            "category_id": 0,
            "bbox": [
                256.08294677734375,
                444.8240966796875,
                18.30615234375,
                16.718841552734375
            ],
            "area": 306.05766047537327,
            "iscrowd": 0,
            "score": 1.0
        },
        {
            "image_id": 3,
            "id": 113,
            "category_id": 0,
            "bbox": [
                517.0875854492188,
                76.32817077636719,
                18.439697265625,
                16.518447875976562
            ],
            "area": 304.5951781310141,
            "iscrowd": 0,
            "score": 1.0
        },
        {
            "image_id": 3,
            "id": 114,
            "category_id": 0,
            "bbox": [
                58.886672973632805,
                322.8598937988281,
                17.44410705566407,
                16.959503173828182
            ],
            "area": 295.8433889751334,
            "iscrowd": 0,
            "score": 1.0
        },
        {
            "image_id": 3,
            "id": 115,
            "category_id": 0,
            "bbox": [
                408.04534912109375,
                403.76110839843756,
                38.18353271484381,
                23.785217285156193
            ],
            "area": 908.2036223374299,
            "iscrowd": 0,
            "score": 1.0
        },
        {
            "image_id": 3,
            "id": 116,
            "category_id": 0,
            "bbox": [
                106.0264892578125,
                2.7549750804901123,
                23.484176635742188,
                13.816643953323364
            ],
            "area": 324.4725071130051,
            "iscrowd": 0,
            "score": 1.0
        },
        {
            "image_id": 3,
            "id": 117,
            "category_id": 0,
            "bbox": [
                385.9792175292969,
                13.319368362426758,
                15.963287353515682,
                21.289125442504883
            ],
            "area": 339.8444269437471,
            "iscrowd": 0,
            "score": 1.0
        },
        {
            "image_id": 3,
            "id": 118,
            "category_id": 0,
            "bbox": [
                466.7277526855469,
                327.9251403808593,
                18.394012451171818,
                17.042022705078182
            ],
            "area": 313.4711778303609,
            "iscrowd": 0,
            "score": 0.9999998807907104
        },
        {
            "image_id": 3,
            "id": 119,
            "category_id": 0,
            "bbox": [
                27.98847198486328,
                330.5332336425782,
                20.329132080078125,
                17.837951660156193
            ],
            "area": 362.63007533736413,
            "iscrowd": 0,
            "score": 0.9999998807907104
        },
        {
            "image_id": 3,
            "id": 120,
            "category_id": 0,
            "bbox": [
                37.561710357666016,
                267.4837646484375,
                32.97177505493164,
                33.128814697265625
            ],
            "area": 1092.3158260347554,
            "iscrowd": 0,
            "score": 0.9999998807907104
        },
        {
            "image_id": 3,
            "id": 121,
            "category_id": 0,
            "bbox": [
                126.37239837646484,
                463.50567626953125,
                25.183982849121094,
                20.777557373046875
            ],
            "area": 523.261648529442,
            "iscrowd": 0,
            "score": 0.9999990463256836
        },
        {
            "image_id": 3,
            "id": 122,
            "category_id": 0,
            "bbox": [
                908.4405517578125,
                425.33953857421875,
                51.712585449218636,
                48.95709228515625
            ],
            "area": 2531.697818141425,
            "iscrowd": 0,
            "score": 0.9999978542327881
        },
        {
            "image_id": 3,
            "id": 123,
            "category_id": 0,
            "bbox": [
                475.5575866699218,
                316.80194091796875,
                21.883728027343807,
                18.1910400390625
            ],
            "area": 398.0877727493654,
            "iscrowd": 0,
            "score": 0.9999790191650391
        },
        {
            "image_id": 3,
            "id": 124,
            "category_id": 0,
            "bbox": [
                84.75780487060547,
                461.41018676757807,
                31.638923645019517,
                36.73220825195318
            ],
            "area": 1162.1675321965026,
            "iscrowd": 0,
            "score": 0.9999277591705322
        },
        {
            "image_id": 3,
            "id": 125,
            "category_id": 0,
            "bbox": [
                945.8244018554689,
                445.0345153808593,
                39.755371093749886,
                42.37509155273449
            ],
            "area": 1684.6374898105857,
            "iscrowd": 0,
            "score": 0.999869704246521
        },
        {
            "image_id": 3,
            "id": 126,
            "category_id": 0,
            "bbox": [
                1005.2643432617188,
                424.54837036132807,
                21.90179443359375,
                23.341918945312557
            ],
            "area": 511.22991042584306,
            "iscrowd": 0,
            "score": 0.9997219443321228
        },
        {
            "image_id": 3,
            "id": 127,
            "category_id": 0,
            "bbox": [
                269.26348876953125,
                421.09683227539057,
                21.63543701171875,
                17.752197265625114
            ],
            "area": 384.07654576003796,
            "iscrowd": 0,
            "score": 0.9750756621360779
        },
        {
            "image_id": 3,
            "id": 128,
            "category_id": 0,
            "bbox": [
                766.1495361328125,
                148.88470458984375,
                24.199951171875,
                23.442230224609375
            ],
            "area": 567.3008267953992,
            "iscrowd": 0,
            "score": 0.8625237345695496
        },
        {
            "image_id": 3,
            "id": 129,
            "category_id": 0,
            "bbox": [
                500.5110168457031,
                123.32665252685545,
                20.198516845703125,
                22.283592224121108
            ],
            "area": 450.09551292168936,
            "iscrowd": 0,
            "score": 0.7246471643447876
        },
        {
            "image_id": 3,
            "id": 130,
            "category_id": 0,
            "bbox": [
                908.4345092773438,
                115.24105834960938,
                24.6263427734375,
                24.200637817382812
            ],
            "area": 595.9732022266835,
            "iscrowd": 0,
            "score": 0.5836442708969116
        },
        {
            "image_id": 3,
            "id": 131,
            "category_id": 0,
            "bbox": [
                1084.9527587890625,
                65.7916259765625,
                24.7581787109375,
                22.174369812011733
            ],
            "area": 548.997010608204,
            "iscrowd": 0,
            "score": 0.15811079740524292
        },
        {
            "image_id": 3,
            "id": 132,
            "category_id": 0,
            "bbox": [
                1214.739501953125,
                150.43087768554688,
                24.3433837890625,
                28.562347412109375
            ],
            "area": 695.3041849695146,
            "iscrowd": 0,
            "score": 0.12233347445726395
        },
        {
            "image_id": 3,
            "id": 133,
            "category_id": 0,
            "bbox": [
                980.8400268554688,
                424.0338134765625,
                16.82867431640625,
                23.495849609375
            ],
            "area": 395.4040008634329,
            "iscrowd": 0,
            "score": 0.10619630664587021
        },
        {
            "image_id": 3,
            "id": 134,
            "category_id": 0,
            "bbox": [
                1226.0399169921875,
                395.9136962890625,
                25.6065673828125,
                21.356719970703068
            ],
            "area": 546.8722890056655,
            "iscrowd": 0,
            "score": 0.10255670547485352
        },
        {
            "image_id": 3,
            "id": 135,
            "category_id": 0,
            "bbox": [
                510.20416259765625,
                79.75973510742188,
                21.02197265625,
                16.95783233642578
            ],
            "area": 356.4870876856148,
            "iscrowd": 0,
            "score": 0.06947200000286102
        },
        {
            "image_id": 3,
            "id": 136,
            "category_id": 0,
            "bbox": [
                463.9601135253906,
                52.09174346923828,
                24.431427001953125,
                17.44127655029297
            ],
            "area": 426.1152748593595,
            "iscrowd": 0,
            "score": 0.059432677924633026
        },
        {
            "image_id": 4,
            "id": 137,
            "category_id": 0,
            "bbox": [
                89.72904205322266,
                1207.93017578125,
                23.56201934814453,
                26.3653564453125
            ],
            "area": 621.2210386851802,
            "iscrowd": 0,
            "score": 1.0
        },
        {
            "image_id": 4,
            "id": 138,
            "category_id": 0,
            "bbox": [
                896.11669921875,
                1271.866943359375,
                23.13482666015625,
                19.579833984375
            ],
            "area": 452.9760652631521,
            "iscrowd": 0,
            "score": 1.0
        },
        {
            "image_id": 4,
            "id": 139,
            "category_id": 0,
            "bbox": [
                486.93365478515625,
                681.2460327148438,
                26.33685302734375,
                14.68719482421875
            ],
            "area": 386.81449146941304,
            "iscrowd": 0,
            "score": 1.0
        },
        {
            "image_id": 4,
            "id": 140,
            "category_id": 0,
            "bbox": [
                1140.3387451171875,
                655.5409545898436,
                16.8736572265625,
                22.492553710937614
            ],
            "area": 379.53164146840766,
            "iscrowd": 0,
            "score": 1.0
        },
        {
            "image_id": 4,
            "id": 141,
            "category_id": 0,
            "bbox": [
                893.2412719726562,
                1204.2911376953125,
                20.44940185546875,
                18.876708984375
            ],
            "area": 386.01740773022175,
            "iscrowd": 0,
            "score": 1.0
        },
        {
            "image_id": 4,
            "id": 142,
            "category_id": 0,
            "bbox": [
                495.4161376953125,
                1278.2615966796875,
                29.5291748046875,
                16.62744140625
            ],
            "area": 490.9946238398552,
            "iscrowd": 0,
            "score": 1.0
        },
        {
            "image_id": 4,
            "id": 143,
            "category_id": 0,
            "bbox": [
                262.1495361328125,
                632.9480590820312,
                22.4803466796875,
                18.50836181640625
            ],
            "area": 416.07439010590315,
            "iscrowd": 0,
            "score": 1.0
        },
        {
            "image_id": 4,
            "id": 144,
            "category_id": 0,
            "bbox": [
                368.7699584960938,
                108.24104309082031,
                26.465118408203068,
                17.261184692382827
            ],
            "area": 456.81929674977374,
            "iscrowd": 0,
            "score": 1.0
        },
        {
            "image_id": 4,
            "id": 145,
            "category_id": 0,
            "bbox": [
                831.8812866210938,
                1022.155029296875,
                16.01910400390625,
                22.268798828125
            ],
            "area": 356.7262044698,
            "iscrowd": 0,
            "score": 1.0
        },
        {
            "image_id": 4,
            "id": 146,
            "category_id": 0,
            "bbox": [
                280.1335144042969,
                945.543701171875,
                15.9454345703125,
                27.130249023437386
            ],
            "area": 432.60361067950544,
            "iscrowd": 0,
            "score": 1.0
        },
        {
            "image_id": 4,
            "id": 147,
            "category_id": 0,
            "bbox": [
                470.3620300292969,
                1250.4107666015625,
                18.025848388671818,
                22.559814453125
            ],
            "area": 406.65979500859845,
            "iscrowd": 0,
            "score": 1.0
        },
        {
            "image_id": 4,
            "id": 148,
            "category_id": 0,
            "bbox": [
                1181.36865234375,
                762.5503540039062,
                16.76220703125,
                25.71484375
            ],
            "area": 431.0375347137451,
            "iscrowd": 0,
            "score": 1.0
        },
        {
            "image_id": 4,
            "id": 149,
            "category_id": 0,
            "bbox": [
                1180.94189453125,
                658.3516235351562,
                16.1390380859375,
                26.44415283203125
            ],
            "area": 426.78318970650434,
            "iscrowd": 0,
            "score": 0.9999998807907104
        },
        {
            "image_id": 4,
            "id": 150,
            "category_id": 0,
            "bbox": [
                1204.7833251953125,
                675.9476928710938,
                14.271484375,
                25.50360107421875
            ],
            "area": 363.9742442369461,
            "iscrowd": 0,
            "score": 0.9999997615814209
        },
        {
            "image_id": 4,
            "id": 151,
            "category_id": 0,
            "bbox": [
                857.4034423828125,
                569.415283203125,
                16.70123291015625,
                29.5615234375
            ],
            "area": 493.7138881087303,
            "iscrowd": 0,
            "score": 0.9999997615814209
        },
        {
            "image_id": 4,
            "id": 152,
            "category_id": 0,
            "bbox": [
                571.06884765625,
                324.18756103515625,
                18.3238525390625,
                22.8690185546875
            ],
            "area": 419.04852370917797,
            "iscrowd": 0,
            "score": 0.9999997615814209
        },
        {
            "image_id": 4,
            "id": 153,
            "category_id": 0,
            "bbox": [
                212.41551208496094,
                1172.786376953125,
                13.753982543945312,
                22.879638671875
            ],
            "area": 314.68615090474486,
            "iscrowd": 0,
            "score": 0.9999996423721313
        },
        {
            "image_id": 4,
            "id": 154,
            "category_id": 0,
            "bbox": [
                818.1903076171875,
                805.8412475585936,
                22.5245361328125,
                18.539306640625
            ],
            "area": 417.58928230404854,
            "iscrowd": 0,
            "score": 0.9999991655349731
        },
        {
            "image_id": 4,
            "id": 155,
            "category_id": 0,
            "bbox": [
                1025.6776123046875,
                1043.89501953125,
                29.1466064453125,
                15.62158203125
            ],
            "area": 455.3161035180092,
            "iscrowd": 0,
            "score": 0.9999990463256836
        },
        {
            "image_id": 4,
            "id": 156,
            "category_id": 0,
            "bbox": [
                258.4649963378906,
                1248.034423828125,
                13.4117431640625,
                23.2076416015625
            ],
            "area": 311.25492860376835,
            "iscrowd": 0,
            "score": 0.9999988079071045
        },
        {
            "image_id": 4,
            "id": 157,
            "category_id": 0,
            "bbox": [
                726.099365234375,
                39.17047882080078,
                19.2032470703125,
                21.124431610107422
            ],
            "area": 405.6576794288121,
            "iscrowd": 0,
            "score": 0.9999985694885254
        },
        {
            "image_id": 4,
            "id": 158,
            "category_id": 0,
            "bbox": [
                348.20172119140625,
                862.03564453125,
                22.4842529296875,
                18.80255126953125
            ],
            "area": 422.76131846755743,
            "iscrowd": 0,
            "score": 0.9999959468841553
        },
        {
            "image_id": 4,
            "id": 159,
            "category_id": 0,
            "bbox": [
                1202.785400390625,
                1278.2325439453125,
                21.69970703125,
                21.7674560546875
            ],
            "area": 472.3474192023277,
            "iscrowd": 0,
            "score": 0.9999927282333374
        },
        {
            "image_id": 4,
            "id": 160,
            "category_id": 0,
            "bbox": [
                93.4766845703125,
                929.1015014648438,
                29.920120239257812,
                14.9189453125
            ],
            "area": 446.3766375929117,
            "iscrowd": 0,
            "score": 0.9999803304672241
        },
        {
            "image_id": 4,
            "id": 161,
            "category_id": 0,
            "bbox": [
                920.2267456054689,
                845.6222534179689,
                20.633483886718636,
                19.572631835937386
            ],
            "area": 403.8515836074903,
            "iscrowd": 0,
            "score": 0.9999637603759766
        },
        {
            "image_id": 4,
            "id": 162,
            "category_id": 0,
            "bbox": [
                345.4854125976562,
                1172.841796875,
                16.167419433593807,
                22.22216796875
            ],
            "area": 359.27511027455455,
            "iscrowd": 0,
            "score": 0.9999409914016724
        },
        {
            "image_id": 4,
            "id": 163,
            "category_id": 0,
            "bbox": [
                930.8419189453125,
                340.0525817871094,
                15.36767578125,
                21.411285400390625
            ],
            "area": 329.0416920930147,
            "iscrowd": 0,
            "score": 0.9999309778213501
        },
        {
            "image_id": 4,
            "id": 164,
            "category_id": 0,
            "bbox": [
                774.5112915039064,
                38.38335037231445,
                19.504882812499886,
                21.53190994262696
            ],
            "area": 419.97738016024,
            "iscrowd": 0,
            "score": 0.999923586845398
        },
        {
            "image_id": 4,
            "id": 165,
            "category_id": 0,
            "bbox": [
                289.1401062011719,
                543.3644409179688,
                18.763214111328125,
                23.1483154296875
            ],
            "area": 434.33679872378707,
            "iscrowd": 0,
            "score": 0.9999059438705444
        },
        {
            "image_id": 4,
            "id": 166,
            "category_id": 0,
            "bbox": [
                1005.2966918945312,
                1059.8282470703125,
                22.98052978515625,
                16.4644775390625
            ],
            "area": 378.36241648346186,
            "iscrowd": 0,
            "score": 0.9998670816421509
        },
        {
            "image_id": 4,
            "id": 167,
            "category_id": 0,
            "bbox": [
                580.2044677734375,
                371.83734130859375,
                18.935791015625,
                21.648284912109375
            ],
            "area": 409.92739894241095,
            "iscrowd": 0,
            "score": 0.9997881054878235
        },
        {
            "image_id": 4,
            "id": 168,
            "category_id": 0,
            "bbox": [
                684.75,
                1137.85888671875,
                15.5677490234375,
                22.140380859375
            ],
            "area": 344.6758925020695,
            "iscrowd": 0,
            "score": 0.9993234872817993
        },
        {
            "image_id": 4,
            "id": 169,
            "category_id": 0,
            "bbox": [
                1142.6304931640625,
                243.8612060546875,
                20.935791015625,
                18.67877197265625
            ],
            "area": 391.0548664480448,
            "iscrowd": 0,
            "score": 0.9991880059242249
        },
        {
            "image_id": 4,
            "id": 170,
            "category_id": 0,
            "bbox": [
                646.1136474609375,
                758.7651977539062,
                22.9949951171875,
                20.974243164062614
            ],
            "area": 482.3026191443231,
            "iscrowd": 0,
            "score": 0.9985993504524231
        },
        {
            "image_id": 4,
            "id": 171,
            "category_id": 0,
            "bbox": [
                1192.7498779296875,
                1021.9879150390626,
                26.4715576171875,
                22.228515624999886
            ],
            "area": 588.4234321117372,
            "iscrowd": 0,
            "score": 0.9967779517173767
        },
        {
            "image_id": 4,
            "id": 172,
            "category_id": 0,
            "bbox": [
                222.1986846923828,
                708.4780883789062,
                21.631134033203125,
                19.41192626953125
            ],
            "area": 419.9019789788872,
            "iscrowd": 0,
            "score": 0.9938031435012817
        },
        {
            "image_id": 4,
            "id": 173,
            "category_id": 0,
            "bbox": [
                1098.50634765625,
                1042.526611328125,
                24.1046142578125,
                16.380615234375
            ],
            "area": 394.84841153025627,
            "iscrowd": 0,
            "score": 0.9937472343444824
        },
        {
            "image_id": 4,
            "id": 174,
            "category_id": 0,
            "bbox": [
                1181.0443115234375,
                641.9408569335938,
                15.7525634765625,
                22.570495605468864
            ],
            "area": 355.54316472262326,
            "iscrowd": 0,
            "score": 0.9912029504776001
        },
        {
            "image_id": 4,
            "id": 175,
            "category_id": 0,
            "bbox": [
                645.188720703125,
                650.4530639648436,
                20.184265136718864,
                22.571777343750114
            ],
            "area": 455.59473851323617,
            "iscrowd": 0,
            "score": 0.9800516366958618
        },
        {
            "image_id": 4,
            "id": 176,
            "category_id": 0,
            "bbox": [
                777.1264648437499,
                1139.007568359375,
                19.426940917968864,
                23.4329833984375
            ],
            "area": 455.23118401319056,
            "iscrowd": 0,
            "score": 0.9741727113723755
        },
        {
            "image_id": 4,
            "id": 177,
            "category_id": 0,
            "bbox": [
                489.0190124511719,
                870.6835327148438,
                20.02923583984375,
                17.27471923828125
            ],
            "area": 345.99942569062114,
            "iscrowd": 0,
            "score": 0.9298866391181946
        },
        {
            "image_id": 4,
            "id": 178,
            "category_id": 0,
            "bbox": [
                834.313232421875,
                941.7595825195312,
                17.7261962890625,
                19.561889648437386
            ],
            "area": 346.75789569318096,
            "iscrowd": 0,
            "score": 0.8077454566955566
        },
        {
            "image_id": 4,
            "id": 179,
            "category_id": 0,
            "bbox": [
                484.3635559082032,
                664.8408203125001,
                23.505584716796818,
                11.072204589843636
            ],
            "area": 260.25864298827616,
            "iscrowd": 0,
            "score": 0.7954970002174377
        },
        {
            "image_id": 4,
            "id": 180,
            "category_id": 0,
            "bbox": [
                1062.0836181640625,
                401.6242370605469,
                24.5701904296875,
                21.25146484375
            ],
            "area": 522.1525381207466,
            "iscrowd": 0,
            "score": 0.6755008101463318
        },
        {
            "image_id": 4,
            "id": 181,
            "category_id": 0,
            "bbox": [
                854.2056884765626,
                481.19537353515625,
                19.690063476562386,
                21.2303466796875
            ],
            "area": 418.0268737524724,
            "iscrowd": 0,
            "score": 0.664276659488678
        },
        {
            "image_id": 4,
            "id": 182,
            "category_id": 0,
            "bbox": [
                955.1083984375,
                795.402099609375,
                24.29827880859375,
                14.3336181640625
            ],
            "area": 348.2822504863143,
            "iscrowd": 0,
            "score": 0.5155925750732422
        },
        {
            "image_id": 4,
            "id": 183,
            "category_id": 0,
            "bbox": [
                737.3323974609375,
                813.895263671875,
                20.8309326171875,
                15.486572265625
            ],
            "area": 322.59974333643913,
            "iscrowd": 0,
            "score": 0.2824815511703491
        },
        {
            "image_id": 4,
            "id": 184,
            "category_id": 0,
            "bbox": [
                1173.6026611328125,
                720.4555053710936,
                17.011962890625,
                21.440979003906364
            ],
            "area": 364.75313915312483,
            "iscrowd": 0,
            "score": 0.28057506680488586
        },
        {
            "image_id": 4,
            "id": 185,
            "category_id": 0,
            "bbox": [
                929.9169921875001,
                702.6349487304686,
                16.098999023437386,
                23.949401855468864
            ],
            "area": 385.56139708310275,
            "iscrowd": 0,
            "score": 0.05281856656074524
        }
    ]
}