{
    "info": {
        "year": "",
        "version": "",
        "contributor": "",
        "url": "https://voxel51.com/fiftyone",
        "date_created": "2023-10-12T14:22:59"
    },
    "licenses": [],
    "categories": [
        {
            "id": 0,
            "name": "1",
            "supercategory": null
        }
    ],
    "images": [
        {
            "id": 1,
            "file_name": "SN3_roads_train_AOI_2_Vegas_PS-MS_img1041.jpg",
            "height": 1300,
            "width": 1300,
            "license": null,
            "coco_url": null
        },
        {
            "id": 2,
            "file_name": "SN3_roads_train_AOI_2_Vegas_PS-MS_img1103.jpg",
            "height": 1300,
            "width": 1300,
            "license": null,
            "coco_url": null
        },
        {
            "id": 3,
            "file_name": "SN3_roads_train_AOI_2_Vegas_PS-RGB_img1039.jpg",
            "height": 1300,
            "width": 1300,
            "license": null,
            "coco_url": null
        },
        {
            "id": 4,
            "file_name": "SN3_roads_train_AOI_2_Vegas_PS-RGB_img1113.jpg",
            "height": 1300,
            "width": 1300,
            "license": null,
            "coco_url": null
        }
    ],
    "annotations": [
        {
            "image_id": 1,
            "id": 1,
            "category_id": 0,
            "bbox": [
                882.037353515625,
                452.8628845214844,
                26.207885742187386,
                16.450927734375
            ],
            "area": 431.1440344154816,
            "iscrowd": 0,
            "score": 1.0
        },
        {
            "image_id": 1,
            "id": 2,
            "category_id": 0,
            "bbox": [
                424.9475708007813,
                533.8951416015625,
                21.428894042968693,
                20.6060791015625
            ],
            "area": 441.5654857084143,
            "iscrowd": 0,
            "score": 1.0
        },
        {
            "image_id": 1,
            "id": 3,
            "category_id": 0,
            "bbox": [
                699.8244018554688,
                628.50341796875,
                15.8062744140625,
                21.6131591796875
            ],
            "area": 341.6235249489546,
            "iscrowd": 0,
            "score": 0.9999998807907104
        },
        {
            "image_id": 1,
            "id": 4,
            "category_id": 0,
            "bbox": [
                188.75810241699216,
                519.7340698242188,
                21.29115295410159,
                18.36346435546875
            ],
            "area": 390.97932835947773,
            "iscrowd": 0,
            "score": 0.9999997615814209
        },
        {
            "image_id": 1,
            "id": 5,
            "category_id": 0,
            "bbox": [
                218.59320068359375,
                517.1339111328125,
                19.563568115234347,
                17.3568115234375
            ],
            "area": 339.56116450205394,
            "iscrowd": 0,
            "score": 0.9999997615814209
        },
        {
            "image_id": 1,
            "id": 6,
            "category_id": 0,
            "bbox": [
                569.2546997070312,
                658.3455810546875,
                20.6292724609375,
                15.87481689453125
            ],
            "area": 327.4859229847789,
            "iscrowd": 0,
            "score": 0.9999995231628418
        },
        {
            "image_id": 1,
            "id": 7,
            "category_id": 0,
            "bbox": [
                286.05560302734375,
                941.9307861328125,
                23.3291015625,
                19.6624755859375
            ],
            "area": 458.70788991451263,
            "iscrowd": 0,
            "score": 0.9999994039535522
        },
        {
            "image_id": 1,
            "id": 8,
            "category_id": 0,
            "bbox": [
                190.3404998779297,
                802.2677001953125,
                21.859466552734375,
                17.874816894531364
            ],
            "area": 390.7339620422597,
            "iscrowd": 0,
            "score": 0.9999904632568359
        },
        {
            "image_id": 1,
            "id": 9,
            "category_id": 0,
            "bbox": [
                535.22998046875,
                1274.90087890625,
                18.69171142578125,
                19.288330078125
            ],
            "area": 360.5318997055292,
            "iscrowd": 0,
            "score": 0.9999895095825195
        },
        {
            "image_id": 1,
            "id": 10,
            "category_id": 0,
            "bbox": [
                1052.3172607421875,
                1077.794189453125,
                19.8419189453125,
                20.7279052734375
            ],
            "area": 411.2814163416624,
            "iscrowd": 0,
            "score": 0.9999780654907227
        },
        {
            "image_id": 1,
            "id": 11,
            "category_id": 0,
            "bbox": [
                174.24353027343753,
                1270.349853515625,
                18.373840332031193,
                21.8890380859375
            ],
            "area": 402.1856908127653,
            "iscrowd": 0,
            "score": 0.999976634979248
        },
        {
            "image_id": 1,
            "id": 12,
            "category_id": 0,
            "bbox": [
                873.1366577148438,
                626.335693359375,
                18.975341796875,
                21.87750244140625
            ],
            "area": 415.13308648765087,
            "iscrowd": 0,
            "score": 0.9999637603759766
        },
        {
            "image_id": 1,
            "id": 13,
            "category_id": 0,
            "bbox": [
                1074.77685546875,
                542.0997924804688,
                21.5557861328125,
                18.84490966796875
            ],
            "area": 406.216842494905,
            "iscrowd": 0,
            "score": 0.9999632835388184
        },
        {
            "image_id": 1,
            "id": 14,
            "category_id": 0,
            "bbox": [
                1260.69189453125,
                341.6331787109375,
                23.951904296875,
                20.996185302734375
            ],
            "area": 502.8986209705472,
            "iscrowd": 0,
            "score": 0.9999488592147827
        },
        {
            "image_id": 1,
            "id": 15,
            "category_id": 0,
            "bbox": [
                919.8788452148436,
                538.6260986328125,
                24.830444335937614,
                18.72015380859375
            ],
            "area": 464.8297371044776,
            "iscrowd": 0,
            "score": 0.9999034404754639
        },
        {
            "image_id": 1,
            "id": 16,
            "category_id": 0,
            "bbox": [
                887.7999877929688,
                676.4407958984374,
                27.13739013671875,
                13.65289306640625
            ],
            "area": 370.5038856379688,
            "iscrowd": 0,
            "score": 0.9994096755981445
        },
        {
            "image_id": 1,
            "id": 17,
            "category_id": 0,
            "bbox": [
                1235.6844482421875,
                337.4652404785156,
                15.1473388671875,
                26.986053466796875
            ],
            "area": 408.7668965496123,
            "iscrowd": 0,
            "score": 0.99747234582901
        },
        {
            "image_id": 1,
            "id": 18,
            "category_id": 0,
            "bbox": [
                998.5840454101561,
                1244.8460693359375,
                20.688354492187614,
                15.5960693359375
            ],
            "area": 322.65701110661206,
            "iscrowd": 0,
            "score": 0.9922284483909607
        },
        {
            "image_id": 1,
            "id": 19,
            "category_id": 0,
            "bbox": [
                626.6362915039062,
                1272.0653076171875,
                22.41937255859375,
                17.8406982421875
            ],
            "area": 399.9772605970502,
            "iscrowd": 0,
            "score": 0.9870405793190002
        },
        {
            "image_id": 1,
            "id": 20,
            "category_id": 0,
            "bbox": [
                550.7850952148438,
                388.66659545898443,
                15.14471435546875,
                23.419342041015568
            ],
            "area": 354.6792456042013,
            "iscrowd": 0,
            "score": 0.9806599020957947
        },
        {
            "image_id": 1,
            "id": 21,
            "category_id": 0,
            "bbox": [
                210.07583618164062,
                385.2171936035156,
                22.89202880859375,
                21.378570556640625
            ],
            "area": 489.3988530691713,
            "iscrowd": 0,
            "score": 0.9541597366333008
        },
        {
            "image_id": 1,
            "id": 22,
            "category_id": 0,
            "bbox": [
                566.77294921875,
                855.2156372070314,
                21.43603515625,
                21.308898925781136
            ],
            "area": 456.7783065140223,
            "iscrowd": 0,
            "score": 0.9436292052268982
        },
        {
            "image_id": 1,
            "id": 23,
            "category_id": 0,
            "bbox": [
                889.5318603515625,
                541.1246337890625,
                22.4249267578125,
                16.6014404296875
            ],
            "area": 372.28608570992947,
            "iscrowd": 0,
            "score": 0.9265288710594177
        },
        {
            "image_id": 1,
            "id": 24,
            "category_id": 0,
            "bbox": [
                565.3694458007812,
                1076.6826171875,
                24.36566162109375,
                18.254638671875
            ],
            "area": 444.7863488942385,
            "iscrowd": 0,
            "score": 0.9220973253250122
        },
        {
            "image_id": 1,
            "id": 25,
            "category_id": 0,
            "bbox": [
                1199.40234375,
                645.9238891601562,
                18.00927734375,
                20.57391357421875
            ],
            "area": 370.5213156044483,
            "iscrowd": 0,
            "score": 0.8634660243988037
        },
        {
            "image_id": 1,
            "id": 26,
            "category_id": 0,
            "bbox": [
                857.1516723632812,
                1247.452392578125,
                26.68121337890625,
                18.3021240234375
            ],
            "area": 488.3228763565421,
            "iscrowd": 0,
            "score": 0.8268120288848877
        },
        {
            "image_id": 1,
            "id": 27,
            "category_id": 0,
            "bbox": [
                1068.6781005859375,
                373.4423522949219,
                17.7293701171875,
                19.08453369140625
            ],
            "area": 338.356761328876,
            "iscrowd": 0,
            "score": 0.7468373775482178
        },
        {
            "image_id": 1,
            "id": 28,
            "category_id": 0,
            "bbox": [
                462.4538269042969,
                899.2310791015625,
                20.316772460937557,
                18.6337890625
            ],
            "area": 378.5784524679195,
            "iscrowd": 0,
            "score": 0.7321316599845886
        },
        {
            "image_id": 1,
            "id": 29,
            "category_id": 0,
            "bbox": [
                1101.931884765625,
                440.96661376953125,
                19.98779296875,
                18.387969970703125
            ],
            "area": 367.53493689000607,
            "iscrowd": 0,
            "score": 0.5731214880943298
        },
        {
            "image_id": 1,
            "id": 30,
            "category_id": 0,
            "bbox": [
                309.8918762207031,
                921.6340332031251,
                22.08587646484375,
                18.463745117187386
            ],
            "area": 407.7879937365626,
            "iscrowd": 0,
            "score": 0.5323126316070557
        },
        {
            "image_id": 1,
            "id": 31,
            "category_id": 0,
            "bbox": [
                1130.3023681640625,
                432.6259460449219,
                24.1700439453125,
                17.789306640625
            ],
            "area": 429.96832326054573,
            "iscrowd": 0,
            "score": 0.14566075801849365
        },
        {
            "image_id": 1,
            "id": 32,
            "category_id": 0,
            "bbox": [
                730.1535034179686,
                893.0571899414064,
                26.935180664062614,
                16.367431640624886
            ],
            "area": 440.85972824692607,
            "iscrowd": 0,
            "score": 0.1036178395152092
        },
        {
            "image_id": 1,
            "id": 33,
            "category_id": 0,
            "bbox": [
                519.7340087890625,
                663.26171875,
                14.59832763671875,
                17.3814697265625
            ],
            "area": 253.74038987606764,
            "iscrowd": 0,
            "score": 0.10068528354167938
        },
        {
            "image_id": 1,
            "id": 34,
            "category_id": 0,
            "bbox": [
                410.2993469238281,
                910.7948608398438,
                16.064544677734375,
                23.14727783203125
            ],
            "area": 371.8504789005965,
            "iscrowd": 0,
            "score": 0.09072260558605194
        },
        {
            "image_id": 1,
            "id": 35,
            "category_id": 0,
            "bbox": [
                446.4989013671875,
                1281.7637939453125,
                18.211029052734318,
                16.4359130859375
            ],
            "area": 299.314890716224,
            "iscrowd": 0,
            "score": 0.08776190876960754
        },
        {
            "image_id": 2,
            "id": 36,
            "category_id": 0,
            "bbox": [
                450.3853454589844,
                158.7150421142578,
                14.758697509765625,
                20.15696716308591
            ],
            "area": 297.4905810742635,
            "iscrowd": 0,
            "score": 1.0
        },
        {
            "image_id": 2,
            "id": 37,
            "category_id": 0,
            "bbox": [
                471.09814453125,
                161.73321533203125,
                14.68450927734375,
                22.283477783203097
            ],
            "area": 327.22193623892923,
            "iscrowd": 0,
            "score": 1.0
        },
        {
            "image_id": 2,
            "id": 38,
            "category_id": 0,
            "bbox": [
                813.6342163085938,
                337.2415771484375,
                29.41925048828125,
                16.991699218749943
            ],
            "area": 499.8830555379374,
            "iscrowd": 0,
            "score": 1.0
        },
        {
            "image_id": 2,
            "id": 39,
            "category_id": 0,
            "bbox": [
                342.71978759765625,
                661.9842529296875,
                21.73382568359375,
                15.1761474609375
            ],
            "area": 329.8357434645295,
            "iscrowd": 0,
            "score": 1.0
        },
        {
            "image_id": 2,
            "id": 40,
            "category_id": 0,
            "bbox": [
                489.0338439941406,
                1182.016357421875,
                15.564666748046875,
                30.030517578125
            ],
            "area": 467.41499837487936,
            "iscrowd": 0,
            "score": 1.0
        },
        {
            "image_id": 2,
            "id": 41,
            "category_id": 0,
            "bbox": [
                899.3975219726562,
                708.2340087890625,
                13.7242431640625,
                19.45623779296875
            ],
            "area": 267.02213852852583,
            "iscrowd": 0,
            "score": 1.0
        },
        {
            "image_id": 2,
            "id": 42,
            "category_id": 0,
            "bbox": [
                111.67384338378906,
                308.48272705078125,
                22.431869506835938,
                23.488616943359375
            ],
            "area": 526.8935901694931,
            "iscrowd": 0,
            "score": 1.0
        },
        {
            "image_id": 2,
            "id": 43,
            "category_id": 0,
            "bbox": [
                101.3803939819336,
                194.13253784179688,
                16.91077423095703,
                25.654464721679688
            ],
            "area": 433.8368609243771,
            "iscrowd": 0,
            "score": 1.0
        },
        {
            "image_id": 2,
            "id": 44,
            "category_id": 0,
            "bbox": [
                662.6429443359375,
                246.5963592529297,
                23.401306152343864,
                21.801132202148438
            ],
            "area": 510.1749691301982,
            "iscrowd": 0,
            "score": 1.0
        },
        {
            "image_id": 2,
            "id": 45,
            "category_id": 0,
            "bbox": [
                66.79153442382812,
                303.1421203613281,
                15.125831604003906,
                19.513671875
            ],
            "area": 295.16051475703716,
            "iscrowd": 0,
            "score": 1.0
        },
        {
            "image_id": 2,
            "id": 46,
            "category_id": 0,
            "bbox": [
                646.1271362304688,
                268.7165832519531,
                25.336669921875,
                17.99560546875
            ],
            "area": 455.9487158060074,
            "iscrowd": 0,
            "score": 1.0
        },
        {
            "image_id": 2,
            "id": 47,
            "category_id": 0,
            "bbox": [
                17.662769317626953,
                330.31604003906256,
                19.797351837158203,
                15.649810791015568
            ],
            "area": 309.8248104146903,
            "iscrowd": 0,
            "score": 1.0
        },
        {
            "image_id": 2,
            "id": 48,
            "category_id": 0,
            "bbox": [
                260.0689697265625,
                555.2896728515625,
                26.13409423828125,
                12.18072509765625
            ],
            "area": 318.332217592746,
            "iscrowd": 0,
            "score": 1.0
        },
        {
            "image_id": 2,
            "id": 49,
            "category_id": 0,
            "bbox": [
                702.8031005859374,
                270.275390625,
                26.084228515625114,
                13.412811279296875
            ],
            "area": 349.8628344461337,
            "iscrowd": 0,
            "score": 1.0
        },
        {
            "image_id": 2,
            "id": 50,
            "category_id": 0,
            "bbox": [
                1229.6700439453125,
                495.13671875,
                14.122802734375,
                24.697021484375
            ],
            "area": 348.79116255044937,
            "iscrowd": 0,
            "score": 1.0
        },
        {
            "image_id": 2,
            "id": 51,
            "category_id": 0,
            "bbox": [
                933.7221679687501,
                166.763671875,
                14.679931640624886,
                22.142730712890625
            ],
            "area": 325.05377320199955,
            "iscrowd": 0,
            "score": 1.0
        },
        {
            "image_id": 2,
            "id": 52,
            "category_id": 0,
            "bbox": [
                875.83642578125,
                552.8796997070312,
                14.788635253906364,
                23.03656005859375
            ],
            "area": 340.6792842112508,
            "iscrowd": 0,
            "score": 1.0
        },
        {
            "image_id": 2,
            "id": 53,
            "category_id": 0,
            "bbox": [
                1033.0223388671875,
                312.33941650390625,
                22.14990234375,
                17.679656982421875
            ],
            "area": 391.60267563164234,
            "iscrowd": 0,
            "score": 1.0
        },
        {
            "image_id": 2,
            "id": 54,
            "category_id": 0,
            "bbox": [
                258.5724792480469,
                569.9794311523438,
                26.62127685546875,
                12.77178955078125
            ],
            "area": 340.0013455711305,
            "iscrowd": 0,
            "score": 1.0
        },
        {
            "image_id": 2,
            "id": 55,
            "category_id": 0,
            "bbox": [
                132.8432159423828,
                310.3689880371094,
                11.914352416992188,
                20.705841064453125
            ],
            "area": 246.69668753212318,
            "iscrowd": 0,
            "score": 1.0
        },
        {
            "image_id": 2,
            "id": 56,
            "category_id": 0,
            "bbox": [
                450.35485839843756,
                658.1190795898436,
                25.890686035156193,
                20.188842773437614
            ],
            "area": 522.7029896602053,
            "iscrowd": 0,
            "score": 1.0
        },
        {
            "image_id": 2,
            "id": 57,
            "category_id": 0,
            "bbox": [
                557.2614135742188,
                805.008544921875,
                22.65692138671875,
                45.45428466796875
            ],
            "area": 1029.8541544117033,
            "iscrowd": 0,
            "score": 1.0
        },
        {
            "image_id": 2,
            "id": 58,
            "category_id": 0,
            "bbox": [
                429.02545166015625,
                198.29360961914065,
                26.881622314453125,
                13.649902343749943
            ],
            "area": 366.9315194338545,
            "iscrowd": 0,
            "score": 1.0
        },
        {
            "image_id": 2,
            "id": 59,
            "category_id": 0,
            "bbox": [
                102.5953369140625,
                586.2169189453125,
                18.045486450195312,
                20.9859619140625
            ],
            "area": 378.70189136452973,
            "iscrowd": 0,
            "score": 1.0
        },
        {
            "image_id": 2,
            "id": 60,
            "category_id": 0,
            "bbox": [
                1007.2825927734375,
                320.4773254394531,
                15.4156494140625,
                21.323852539062557
            ],
            "area": 328.72103489935483,
            "iscrowd": 0,
            "score": 1.0
        },
        {
            "image_id": 2,
            "id": 61,
            "category_id": 0,
            "bbox": [
                513.4580078125,
                823.5982666015625,
                15.9464111328125,
                23.359375000000114
            ],
            "area": 372.4981975555438,
            "iscrowd": 0,
            "score": 1.0
        },
        {
            "image_id": 2,
            "id": 62,
            "category_id": 0,
            "bbox": [
                348.25079345703125,
                439.9728088378907,
                29.801666259765625,
                13.665527343749886
            ],
            "area": 407.2554851621355,
            "iscrowd": 0,
            "score": 1.0
        },
        {
            "image_id": 2,
            "id": 63,
            "category_id": 0,
            "bbox": [
                423.8703918457031,
                654.7727661132811,
                11.879638671875,
                21.412658691406364
            ],
            "area": 254.37464825809138,
            "iscrowd": 0,
            "score": 1.0
        },
        {
            "image_id": 2,
            "id": 64,
            "category_id": 0,
            "bbox": [
                138.68016052246094,
                876.0435791015626,
                15.447296142578125,
                25.985168457031136
            ],
            "area": 401.40059247053983,
            "iscrowd": 0,
            "score": 1.0
        },
        {
            "image_id": 2,
            "id": 65,
            "category_id": 0,
            "bbox": [
                408.54034423828125,
                653.5830078125,
                14.628234863281193,
                25.623718261718864
            ],
            "area": 374.8297688029709,
            "iscrowd": 0,
            "score": 0.9999998807907104
        },
        {
            "image_id": 2,
            "id": 66,
            "category_id": 0,
            "bbox": [
                853.8376464843749,
                346.61822509765625,
                18.761840820312727,
                48.731170654296875
            ],
            "area": 914.2864668034127,
            "iscrowd": 0,
            "score": 0.9999997615814209
        },
        {
            "image_id": 2,
            "id": 67,
            "category_id": 0,
            "bbox": [
                1239.669921875,
                283.5462951660156,
                24.631103515625,
                20.520843505859375
            ],
            "area": 505.4510206207633,
            "iscrowd": 0,
            "score": 0.9999995231628418
        },
        {
            "image_id": 2,
            "id": 68,
            "category_id": 0,
            "bbox": [
                402.0517578125,
                1016.7180786132812,
                20.403350830078125,
                50.71600341796875
            ],
            "area": 1034.7764104362577,
            "iscrowd": 0,
            "score": 0.9999991655349731
        },
        {
            "image_id": 2,
            "id": 69,
            "category_id": 0,
            "bbox": [
                951.3987426757812,
                4.671334743499756,
                19.248046875,
                18.657040119171146
            ],
            "area": 359.1115827625618,
            "iscrowd": 0,
            "score": 0.9999966621398926
        },
        {
            "image_id": 2,
            "id": 70,
            "category_id": 0,
            "bbox": [
                231.3073272705078,
                926.0046997070312,
                19.352920532226562,
                21.38232421875
            ],
            "area": 413.81042139977217,
            "iscrowd": 0,
            "score": 0.9999954700469971
        },
        {
            "image_id": 2,
            "id": 71,
            "category_id": 0,
            "bbox": [
                643.717041015625,
                323.7889404296875,
                22.71795654296875,
                17.712890625
            ],
            "area": 402.4006794691086,
            "iscrowd": 0,
            "score": 0.9999831914901733
        },
        {
            "image_id": 2,
            "id": 72,
            "category_id": 0,
            "bbox": [
                153.27972412109375,
                533.8433837890625,
                17.859207153320312,
                23.25494384765625
            ],
            "area": 415.3148595141247,
            "iscrowd": 0,
            "score": 0.9989437460899353
        },
        {
            "image_id": 2,
            "id": 73,
            "category_id": 0,
            "bbox": [
                914.2451782226562,
                704.648681640625,
                11.648132324218636,
                19.0030517578125
            ],
            "area": 221.35006143897556,
            "iscrowd": 0,
            "score": 0.9985731840133667
        },
        {
            "image_id": 2,
            "id": 74,
            "category_id": 0,
            "bbox": [
                702.8023071289064,
                286.49029541015625,
                26.571105957031136,
                12.888916015625
            ],
            "area": 342.47275312244744,
            "iscrowd": 0,
            "score": 0.9969441294670105
        },
        {
            "image_id": 2,
            "id": 75,
            "category_id": 0,
            "bbox": [
                462.57257080078125,
                51.936798095703125,
                16.85955810546875,
                22.73418426513672
            ],
            "area": 383.2883005985059,
            "iscrowd": 0,
            "score": 0.9968236684799194
        },
        {
            "image_id": 2,
            "id": 76,
            "category_id": 0,
            "bbox": [
                752.2442626953125,
                977.097412109375,
                16.0343017578125,
                23.92828369140625
            ],
            "area": 383.6733212545514,
            "iscrowd": 0,
            "score": 0.9957433342933655
        },
        {
            "image_id": 2,
            "id": 77,
            "category_id": 0,
            "bbox": [
                846.83642578125,
                327.6381225585938,
                26.17181396484375,
                14.362854003906193
            ],
            "area": 375.9019429944441,
            "iscrowd": 0,
            "score": 0.994738757610321
        },
        {
            "image_id": 2,
            "id": 78,
            "category_id": 0,
            "bbox": [
                1232.665283203125,
                889.4910278320312,
                17.4033203125,
                22.51531982421875
            ],
            "area": 391.8413228392601,
            "iscrowd": 0,
            "score": 0.9806442260742188
        },
        {
            "image_id": 2,
            "id": 79,
            "category_id": 0,
            "bbox": [
                484.189697265625,
                241.71693420410156,
                18.221343994140625,
                17.713546752929688
            ],
            "area": 322.76462874142453,
            "iscrowd": 0,
            "score": 0.9050117135047913
        },
        {
            "image_id": 2,
            "id": 80,
            "category_id": 0,
            "bbox": [
                1232.5689697265625,
                1019.0438842773438,
                18.298095703125,
                22.60125732421875
            ],
            "area": 413.55996952950954,
            "iscrowd": 0,
            "score": 0.8369140625
        },
        {
            "image_id": 2,
            "id": 81,
            "category_id": 0,
            "bbox": [
                841.887451171875,
                546.95703125,
                18.252685546875,
                23.10992431640625
            ],
            "area": 421.8181815594435,
            "iscrowd": 0,
            "score": 0.5416780114173889
        },
        {
            "image_id": 2,
            "id": 82,
            "category_id": 0,
            "bbox": [
                529.772216796875,
                143.23411560058594,
                13.86138916015625,
                19.832061767578125
            ],
            "area": 274.8999260086566,
            "iscrowd": 0,
            "score": 0.4294242262840271
        },
        {
            "image_id": 2,
            "id": 83,
            "category_id": 0,
            "bbox": [
                330.8031005859375,
                272.6413879394531,
                25.78704833984375,
                15.985626220703125
            ],
            "area": 412.22211609594524,
            "iscrowd": 0,
            "score": 0.38654595613479614
        },
        {
            "image_id": 2,
            "id": 84,
            "category_id": 0,
            "bbox": [
                0.0,
                1283.669921875,
                16.15178871154785,
                13.662109375
            ],
            "area": 220.66750397905707,
            "iscrowd": 0,
            "score": 0.26648786664009094
        },
        {
            "image_id": 2,
            "id": 85,
            "category_id": 0,
            "bbox": [
                17.520633697509766,
                314.9942932128906,
                20.00881576538086,
                14.215362548828125
            ],
            "area": 284.4325702775968,
            "iscrowd": 0,
            "score": 0.15465442836284637
        },
        {
            "image_id": 2,
            "id": 86,
            "category_id": 0,
            "bbox": [
                284.1379089355469,
                670.5639038085938,
                15.053619384765625,
                22.2305908203125
            ],
            "area": 334.650852907449,
            "iscrowd": 0,
            "score": 0.08019469678401947
        },
        {
            "image_id": 2,
            "id": 87,
            "category_id": 0,
            "bbox": [
                1043.388427734375,
                1.7661051750183105,
                26.6546630859375,
                14.42232370376587
            ],
            "area": 384.4221792402095,
            "iscrowd": 0,
            "score": 0.052479952573776245
        },
        {
            "image_id": 2,
            "id": 88,
            "category_id": 0,
            "bbox": [
                10.159703254699707,
                739.0802001953124,
                18.736157417297363,
                22.261657714843864
            ],
            "area": 417.0979233153069,
            "iscrowd": 0,
            "score": 0.050440844148397446
        },
        {
            "image_id": 3,
            "id": 89,
            "category_id": 0,
            "bbox": [
                505.8251953125,
                82.75927734375,
                22.75030517578125,
                18.85498046875
            ],
            "area": 428.9565597474575,
            "iscrowd": 0,
            "score": 1.0
        },
        {
            "image_id": 3,
            "id": 90,
            "category_id": 0,
            "bbox": [
                667.5867919921875,
                446.0159912109375,
                21.28179931640625,
                20.651702880859375
            ],
            "area": 439.50539625249803,
            "iscrowd": 0,
            "score": 1.0
        },
        {
            "image_id": 3,
            "id": 91,
            "category_id": 0,
            "bbox": [
                57.65901184082032,
                292.6390380859375,
                22.242645263671868,
                20.7794189453125
            ],
            "area": 462.18924438580854,
            "iscrowd": 0,
            "score": 1.0
        },
        {
            "image_id": 3,
            "id": 92,
            "category_id": 0,
            "bbox": [
                698.9173583984375,
                529.0161743164062,
                17.03912353515625,
                27.92376708984375
            ],
            "area": 475.7965170107782,
            "iscrowd": 0,
            "score": 1.0
        },
        {
            "image_id": 3,
            "id": 93,
            "category_id": 0,
            "bbox": [
                248.35737609863284,
                457.41448974609375,
                23.402664184570284,
                16.687988281249943
            ],
            "area": 390.54338566213664,
            "iscrowd": 0,
            "score": 1.0
        },
        {
            "image_id": 3,
            "id": 94,
            "category_id": 0,
            "bbox": [
                58.59104919433594,
                323.89666748046875,
                19.59803009033203,
                15.998779296875
            ],
            "area": 313.5445580687374,
            "iscrowd": 0,
            "score": 1.0
        },
        {
            "image_id": 3,
            "id": 95,
            "category_id": 0,
            "bbox": [
                348.8935852050781,
                7.328976631164551,
                24.701080322265625,
                18.48271465301514
            ],
            "area": 456.54301921764284,
            "iscrowd": 0,
            "score": 1.0
        },
        {
            "image_id": 3,
            "id": 96,
            "category_id": 0,
            "bbox": [
                106.51374816894531,
                2.6013984680175786,
                24.119277954101562,
                14.280916213989258
            ],
            "area": 344.44538760444266,
            "iscrowd": 0,
            "score": 1.0
        },
        {
            "image_id": 3,
            "id": 97,
            "category_id": 0,
            "bbox": [
                113.51446533203125,
                232.11010742187497,
                21.23162841796875,
                24.66442871093753
            ],
            "area": 523.6659855321055,
            "iscrowd": 0,
            "score": 1.0
        },
        {
            "image_id": 3,
            "id": 98,
            "category_id": 0,
            "bbox": [
                240.84884643554688,
                191.84646606445312,
                27.55511474609375,
                25.63861083984378
            ],
            "area": 706.4748636223384,
            "iscrowd": 0,
            "score": 1.0
        },
        {
            "image_id": 3,
            "id": 99,
            "category_id": 0,
            "bbox": [
                228.91349792480466,
                169.149658203125,
                20.4825439453125,
                21.815719604492188
            ],
            "area": 446.84143549762666,
            "iscrowd": 0,
            "score": 1.0
        },
        {
            "image_id": 3,
            "id": 100,
            "category_id": 0,
            "bbox": [
                435.31439208984375,
                437.95013427734375,
                24.5595703125,
                15.74139404296875
            ],
            "area": 386.60187381505966,
            "iscrowd": 0,
            "score": 1.0
        },
        {
            "image_id": 3,
            "id": 101,
            "category_id": 0,
            "bbox": [
                29.4903621673584,
                329.8941955566406,
                20.392000198364258,
                18.166656494140625
            ],
            "area": 370.45446283213096,
            "iscrowd": 0,
            "score": 1.0
        },
        {
            "image_id": 3,
            "id": 102,
            "category_id": 0,
            "bbox": [
                467.0672912597656,
                328.38970947265625,
                18.63226318359375,
                15.823333740234375
            ],
            "area": 294.82451868988574,
            "iscrowd": 0,
            "score": 1.0
        },
        {
            "image_id": 3,
            "id": 103,
            "category_id": 0,
            "bbox": [
                9.398402214050293,
                367.01953125,
                19.921004295349125,
                22.303131103515625
            ],
            "area": 444.3007705128694,
            "iscrowd": 0,
            "score": 1.0
        },
        {
            "image_id": 3,
            "id": 104,
            "category_id": 0,
            "bbox": [
                392.8113708496094,
                23.54239273071289,
                19.368072509765625,
                22.951499938964844
            ],
            "area": 444.5263150257524,
            "iscrowd": 0,
            "score": 1.0
        },
        {
            "image_id": 3,
            "id": 105,
            "category_id": 0,
            "bbox": [
                253.84959411621094,
                446.88418579101557,
                20.622146606445312,
                16.462432861328182
            ],
            "area": 339.4907039650728,
            "iscrowd": 0,
            "score": 1.0
        },
        {
            "image_id": 3,
            "id": 106,
            "category_id": 0,
            "bbox": [
                386.0720520019532,
                15.11642837524414,
                16.666900634765568,
                19.730411529541016
            ],
            "area": 328.844808445893,
            "iscrowd": 0,
            "score": 1.0
        },
        {
            "image_id": 3,
            "id": 107,
            "category_id": 0,
            "bbox": [
                36.684226989746094,
                697.0307006835936,
                27.933807373046875,
                28.762878417968864
            ],
            "area": 803.4567052219095,
            "iscrowd": 0,
            "score": 1.0
        },
        {
            "image_id": 3,
            "id": 108,
            "category_id": 0,
            "bbox": [
                197.22396850585938,
                448.72235107421875,
                17.733154296875,
                20.7315673828125
            ],
            "area": 367.6360832154751,
            "iscrowd": 0,
            "score": 1.0
        },
        {
            "image_id": 3,
            "id": 109,
            "category_id": 0,
            "bbox": [
                30.419658660888672,
                342.1756591796875,
                16.943084716796875,
                21.09063720703125
            ],
            "area": 357.3404529299587,
            "iscrowd": 0,
            "score": 0.9999998807907104
        },
        {
            "image_id": 3,
            "id": 110,
            "category_id": 0,
            "bbox": [
                397.6206359863281,
                416.6173095703125,
                23.89581298828125,
                13.695861816406307
            ],
            "area": 327.27375267818707,
            "iscrowd": 0,
            "score": 0.9999998807907104
        },
        {
            "image_id": 3,
            "id": 111,
            "category_id": 0,
            "bbox": [
                269.611328125,
                98.45952606201172,
                26.34552001953125,
                27.734100341796875
            ],
            "area": 730.669295778498,
            "iscrowd": 0,
            "score": 0.9999998807907104
        },
        {
            "image_id": 3,
            "id": 112,
            "category_id": 0,
            "bbox": [
                473.9501953125,
                318.1558837890625,
                24.107879638671875,
                17.240936279296875
            ],
            "area": 415.64241667930037,
            "iscrowd": 0,
            "score": 0.9999997615814209
        },
        {
            "image_id": 3,
            "id": 113,
            "category_id": 0,
            "bbox": [
                489.5147399902344,
                99.6806411743164,
                26.845306396484375,
                18.151199340820312
            ],
            "area": 487.2745077679865,
            "iscrowd": 0,
            "score": 0.9999996423721313
        },
        {
            "image_id": 3,
            "id": 114,
            "category_id": 0,
            "bbox": [
                271.9555969238281,
                418.98068237304693,
                20.356292724609375,
                20.080108642578068
            ],
            "area": 408.7565694702778,
            "iscrowd": 0,
            "score": 0.9999996423721313
        },
        {
            "image_id": 3,
            "id": 115,
            "category_id": 0,
            "bbox": [
                46.25382995605469,
                268.6304016113281,
                25.615493774414062,
                25.230194091796875
            ],
            "area": 646.2838796856813,
            "iscrowd": 0,
            "score": 0.9999994039535522
        },
        {
            "image_id": 3,
            "id": 116,
            "category_id": 0,
            "bbox": [
                131.89730834960938,
                454.4720153808594,
                26.045501708984375,
                21.174774169921875
            ],
            "area": 551.5076168300584,
            "iscrowd": 0,
            "score": 0.9999973773956299
        },
        {
            "image_id": 3,
            "id": 117,
            "category_id": 0,
            "bbox": [
                410.2003173828125,
                404.3448791503906,
                33.345428466796875,
                22.4359130859375
            ],
            "area": 748.1351348944008,
            "iscrowd": 0,
            "score": 0.9999535083770752
        },
        {
            "image_id": 3,
            "id": 118,
            "category_id": 0,
            "bbox": [
                208.7464752197266,
                454.12567138671875,
                17.125823974609347,
                19.310150146484375
            ],
            "area": 330.7022323319683,
            "iscrowd": 0,
            "score": 0.9998481273651123
        },
        {
            "image_id": 3,
            "id": 119,
            "category_id": 0,
            "bbox": [
                428.367431640625,
                431.599853515625,
                20.8736572265625,
                12.462829589843693
            ],
            "area": 260.14483293145776,
            "iscrowd": 0,
            "score": 0.9996604919433594
        },
        {
            "image_id": 3,
            "id": 120,
            "category_id": 0,
            "bbox": [
                500.5456848144531,
                124.11760711669922,
                19.219390869140625,
                22.45172882080078
            ],
            "area": 431.50855189491995,
            "iscrowd": 0,
            "score": 0.9991415739059448
        },
        {
            "image_id": 3,
            "id": 121,
            "category_id": 0,
            "bbox": [
                732.5728149414062,
                568.3076171875,
                23.96099853515625,
                24.77032470703125
            ],
            "area": 593.5217140205204,
            "iscrowd": 0,
            "score": 0.9946905970573425
        },
        {
            "image_id": 3,
            "id": 122,
            "category_id": 0,
            "bbox": [
                516.3303833007812,
                76.51396942138672,
                18.723388671875,
                18.468109130859375
            ],
            "area": 345.7855852916837,
            "iscrowd": 0,
            "score": 0.9839280247688293
        },
        {
            "image_id": 3,
            "id": 123,
            "category_id": 0,
            "bbox": [
                628.6318359375,
                844.9436645507812,
                29.35076904296875,
                23.367736816406364
            ],
            "area": 685.861046355221,
            "iscrowd": 0,
            "score": 0.9193134307861328
        },
        {
            "image_id": 3,
            "id": 124,
            "category_id": 0,
            "bbox": [
                653.7537231445312,
                789.0029296875,
                26.71624755859375,
                25.546630859375
            ],
            "area": 682.5101143270731,
            "iscrowd": 0,
            "score": 0.882178783416748
        },
        {
            "image_id": 3,
            "id": 125,
            "category_id": 0,
            "bbox": [
                793.4043579101562,
                649.2151489257812,
                30.15869140625,
                23.877624511718864
            ],
            "area": 720.11790916324,
            "iscrowd": 0,
            "score": 0.7654715180397034
        },
        {
            "image_id": 3,
            "id": 126,
            "category_id": 0,
            "bbox": [
                1215.11572265625,
                394.2591247558594,
                27.1326904296875,
                19.901000976562443
            ],
            "area": 539.9676987379773,
            "iscrowd": 0,
            "score": 0.7433921694755554
        },
        {
            "image_id": 3,
            "id": 127,
            "category_id": 0,
            "bbox": [
                661.6571655273438,
                233.4065704345703,
                26.95751953125,
                20.88755798339841
            ],
            "area": 563.0767522975794,
            "iscrowd": 0,
            "score": 0.602637529373169
        },
        {
            "image_id": 3,
            "id": 128,
            "category_id": 0,
            "bbox": [
                981.2200317382814,
                423.10705566406244,
                16.981933593749886,
                28.270355224609432
            ],
            "area": 480.0852950960375,
            "iscrowd": 0,
            "score": 0.5314545631408691
        },
        {
            "image_id": 3,
            "id": 129,
            "category_id": 0,
            "bbox": [
                760.438232421875,
                679.472900390625,
                27.8551025390625,
                24.44256591796875
            ],
            "area": 680.8501799628139,
            "iscrowd": 0,
            "score": 0.3566867411136627
        },
        {
            "image_id": 3,
            "id": 130,
            "category_id": 0,
            "bbox": [
                807.5419311523438,
                192.62437438964844,
                22.862548828124886,
                23.554351806640625
            ],
            "area": 538.5125182941529,
            "iscrowd": 0,
            "score": 0.3336068093776703
        },
        {
            "image_id": 3,
            "id": 131,
            "category_id": 0,
            "bbox": [
                1005.3622436523438,
                425.4366455078125,
                22.90484619140625,
                21.211364746093693
            ],
            "area": 485.8430470190929,
            "iscrowd": 0,
            "score": 0.26540860533714294
        },
        {
            "image_id": 4,
            "id": 132,
            "category_id": 0,
            "bbox": [
                369.2242126464844,
                107.24044036865234,
                27.070220947265625,
                17.978424072265625
            ],
            "area": 486.6799119198695,
            "iscrowd": 0,
            "score": 1.0
        },
        {
            "image_id": 4,
            "id": 133,
            "category_id": 0,
            "bbox": [
                90.4771728515625,
                1207.0438232421875,
                24.263534545898438,
                27.3885498046875
            ],
            "area": 664.5430243480951,
            "iscrowd": 0,
            "score": 1.0
        },
        {
            "image_id": 4,
            "id": 134,
            "category_id": 0,
            "bbox": [
                487.326171875,
                681.1805419921875,
                26.77886962890625,
                15.52386474609375
            ],
            "area": 415.71155017241836,
            "iscrowd": 0,
            "score": 1.0
        },
        {
            "image_id": 4,
            "id": 135,
            "category_id": 0,
            "bbox": [
                1193.578125,
                1021.3753051757814,
                25.438232421875,
                17.768493652343636
            ],
            "area": 451.999071314928,
            "iscrowd": 0,
            "score": 1.0
        },
        {
            "image_id": 4,
            "id": 136,
            "category_id": 0,
            "bbox": [
                37.25602340698242,
                260.0158996582031,
                28.561420440673828,
                16.435516357421875
            ],
            "area": 469.4216928438982,
            "iscrowd": 0,
            "score": 1.0
        },
        {
            "image_id": 4,
            "id": 137,
            "category_id": 0,
            "bbox": [
                832.8089599609375,
                1021.170166015625,
                13.886474609375114,
                23.0782470703125
            ],
            "area": 320.4754919707801,
            "iscrowd": 0,
            "score": 1.0
        },
        {
            "image_id": 4,
            "id": 138,
            "category_id": 0,
            "bbox": [
                929.9635009765624,
                339.4440612792968,
                17.491516113281477,
                20.623687744140682
            ],
            "area": 360.73956649192246,
            "iscrowd": 0,
            "score": 1.0
        },
        {
            "image_id": 4,
            "id": 139,
            "category_id": 0,
            "bbox": [
                929.6515502929688,
                701.0257568359375,
                16.92144775390625,
                25.031066894531136
            ],
            "area": 423.561890680341,
            "iscrowd": 0,
            "score": 1.0
        },
        {
            "image_id": 4,
            "id": 140,
            "category_id": 0,
            "bbox": [
                1141.517822265625,
                654.3583374023438,
                15.1343994140625,
                22.232177734375
            ],
            "area": 336.47065767645836,
            "iscrowd": 0,
            "score": 1.0
        },
        {
            "image_id": 4,
            "id": 141,
            "category_id": 0,
            "bbox": [
                775.0463256835938,
                1138.5732421875,
                21.23583984375,
                23.4329833984375
            ],
            "area": 497.61908251047134,
            "iscrowd": 0,
            "score": 1.0
        },
        {
            "image_id": 4,
            "id": 142,
            "category_id": 0,
            "bbox": [
                1203.9017333984375,
                676.6159057617189,
                15.2379150390625,
                24.675659179687386
            ],
            "area": 376.0055981129391,
            "iscrowd": 0,
            "score": 1.0
        },
        {
            "image_id": 4,
            "id": 143,
            "category_id": 0,
            "bbox": [
                1061.235595703125,
                402.93206787109375,
                28.5035400390625,
                20.705444335937557
            ],
            "area": 590.178461655976,
            "iscrowd": 0,
            "score": 1.0
        },
        {
            "image_id": 4,
            "id": 144,
            "category_id": 0,
            "bbox": [
                496.55523681640625,
                1278.7926025390625,
                28.52783203125,
                16.855224609375
            ],
            "area": 480.8430165052414,
            "iscrowd": 0,
            "score": 1.0
        },
        {
            "image_id": 4,
            "id": 145,
            "category_id": 0,
            "bbox": [
                280.4925537109375,
                945.7698364257812,
                15.48809814453125,
                26.806945800781136
            ],
            "area": 415.1886075176281,
            "iscrowd": 0,
            "score": 1.0
        },
        {
            "image_id": 4,
            "id": 146,
            "category_id": 0,
            "bbox": [
                198.34234619140628,
                682.5830078125,
                21.35400390624997,
                21.32049560546875
            ],
            "area": 455.277946442365,
            "iscrowd": 0,
            "score": 1.0
        },
        {
            "image_id": 4,
            "id": 147,
            "category_id": 0,
            "bbox": [
                256.4012451171875,
                635.0516967773438,
                26.360382080078125,
                16.20263671875
            ],
            "area": 427.10769461095333,
            "iscrowd": 0,
            "score": 1.0
        },
        {
            "image_id": 4,
            "id": 148,
            "category_id": 0,
            "bbox": [
                212.1653289794922,
                1171.0963134765625,
                15.2119140625,
                24.7366943359375
            ],
            "area": 376.29246842861176,
            "iscrowd": 0,
            "score": 1.0
        },
        {
            "image_id": 4,
            "id": 149,
            "category_id": 0,
            "bbox": [
                347.2772827148437,
                861.5913696289061,
                26.319702148437557,
                20.883789062500114
            ],
            "area": 549.655107855801,
            "iscrowd": 0,
            "score": 1.0
        },
        {
            "image_id": 4,
            "id": 150,
            "category_id": 0,
            "bbox": [
                1025.8038330078125,
                1044.25390625,
                30.56396484375,
                15.126220703125
            ],
            "area": 462.3172777891159,
            "iscrowd": 0,
            "score": 1.0
        },
        {
            "image_id": 4,
            "id": 151,
            "category_id": 0,
            "bbox": [
                344.1662292480469,
                1172.5345458984375,
                18.3909912109375,
                22.615478515625
            ],
            "area": 415.92106661200523,
            "iscrowd": 0,
            "score": 0.9999998807907104
        },
        {
            "image_id": 4,
            "id": 152,
            "category_id": 0,
            "bbox": [
                487.8069763183594,
                869.753662109375,
                22.4405517578125,
                17.605224609374886
            ],
            "area": 395.0709540545915,
            "iscrowd": 0,
            "score": 0.9999998807907104
        },
        {
            "image_id": 4,
            "id": 153,
            "category_id": 0,
            "bbox": [
                1137.200439453125,
                245.85566711425778,
                27.79345703125,
                15.457839965820341
            ],
            "area": 429.6268108859666,
            "iscrowd": 0,
            "score": 0.9999997615814209
        },
        {
            "image_id": 4,
            "id": 154,
            "category_id": 0,
            "bbox": [
                1149.27587890625,
                1072.3333740234375,
                31.4132080078125,
                14.656982421875
            ],
            "area": 460.4228375852108,
            "iscrowd": 0,
            "score": 0.9999997615814209
        },
        {
            "image_id": 4,
            "id": 155,
            "category_id": 0,
            "bbox": [
                94.71992492675781,
                926.2958984375,
                26.515625,
                16.845703125
            ],
            "area": 446.6743469238281,
            "iscrowd": 0,
            "score": 0.9999991655349731
        },
        {
            "image_id": 4,
            "id": 156,
            "category_id": 0,
            "bbox": [
                470.1761474609375,
                1250.58935546875,
                18.278076171875,
                22.2064208984375
            ],
            "area": 405.8906526863575,
            "iscrowd": 0,
            "score": 0.9999983310699463
        },
        {
            "image_id": 4,
            "id": 157,
            "category_id": 0,
            "bbox": [
                858.3912963867188,
                569.3473510742188,
                15.941711425781136,
                33.64862060546875
            ],
            "area": 536.4165995679757,
            "iscrowd": 0,
            "score": 0.9999980926513672
        },
        {
            "image_id": 4,
            "id": 158,
            "category_id": 0,
            "bbox": [
                290.1711730957031,
                542.4555053710938,
                16.451904296875,
                23.78997802734375
            ],
            "area": 391.3904417306185,
            "iscrowd": 0,
            "score": 0.9999979734420776
        },
        {
            "image_id": 4,
            "id": 159,
            "category_id": 0,
            "bbox": [
                1175.291259765625,
                716.77294921875,
                17.2357177734375,
                21.1197509765625
            ],
            "area": 364.0140672773123,
            "iscrowd": 0,
            "score": 0.9999969005584717
        },
        {
            "image_id": 4,
            "id": 160,
            "category_id": 0,
            "bbox": [
                1182.0755615234375,
                658.0090332031251,
                15.276611328125,
                26.246765136718636
            ],
            "area": 400.9616296142322,
            "iscrowd": 0,
            "score": 0.9999960660934448
        },
        {
            "image_id": 4,
            "id": 161,
            "category_id": 0,
            "bbox": [
                859.3896484375,
                477.1832275390625,
                16.09033203125,
                26.17724609375
            ],
            "area": 421.20058131217957,
            "iscrowd": 0,
            "score": 0.9999855756759644
        },
        {
            "image_id": 4,
            "id": 162,
            "category_id": 0,
            "bbox": [
                1180.307861328125,
                762.1334228515625,
                17.3907470703125,
                22.30218505859375
            ],
            "area": 387.85165946930647,
            "iscrowd": 0,
            "score": 0.9999831914901733
        },
        {
            "image_id": 4,
            "id": 163,
            "category_id": 0,
            "bbox": [
                1248.3638916015625,
                251.33038330078125,
                16.800048828125,
                25.0589599609375
            ],
            "area": 420.99175092577934,
            "iscrowd": 0,
            "score": 0.9999598264694214
        },
        {
            "image_id": 4,
            "id": 164,
            "category_id": 0,
            "bbox": [
                724.4673461914062,
                39.46148681640625,
                21.25799560546875,
                19.649959564208984
            ],
            "area": 417.7187540635932,
            "iscrowd": 0,
            "score": 0.9999561309814453
        },
        {
            "image_id": 4,
            "id": 165,
            "category_id": 0,
            "bbox": [
                217.4279022216797,
                708.0079956054686,
                25.576156616210966,
                17.350646972656364
            ],
            "area": 443.76286436524583,
            "iscrowd": 0,
            "score": 0.9999396800994873
        },
        {
            "image_id": 4,
            "id": 166,
            "category_id": 0,
            "bbox": [
                438.24829101562494,
                1003.2527465820312,
                18.511535644531307,
                21.22430419921875
            ],
            "area": 392.8944637142134,
            "iscrowd": 0,
            "score": 0.999923825263977
        },
        {
            "image_id": 4,
            "id": 167,
            "category_id": 0,
            "bbox": [
                773.7577514648438,
                39.361228942871094,
                21.244262695312614,
                18.805694580078132
            ],
            "area": 399.51311582699645,
            "iscrowd": 0,
            "score": 0.999323844909668
        },
        {
            "image_id": 4,
            "id": 168,
            "category_id": 0,
            "bbox": [
                688.5198974609375,
                641.3262939453125,
                21.25592041015625,
                19.71051025390625
            ],
            "area": 418.9650372005999,
            "iscrowd": 0,
            "score": 0.9991121888160706
        },
        {
            "image_id": 4,
            "id": 169,
            "category_id": 0,
            "bbox": [
                709.4352416992188,
                642.2225952148438,
                15.109375,
                21.869567871093636
            ],
            "area": 330.4355020523054,
            "iscrowd": 0,
            "score": 0.9972551465034485
        },
        {
            "image_id": 4,
            "id": 170,
            "category_id": 0,
            "bbox": [
                736.5654296875,
                808.7061157226562,
                22.78411865234375,
                17.18731689453125
            ],
            "area": 391.5978674404323,
            "iscrowd": 0,
            "score": 0.9931849837303162
        },
        {
            "image_id": 4,
            "id": 171,
            "category_id": 0,
            "bbox": [
                645.2252197265625,
                648.776123046875,
                20.58038330078125,
                21.79461669921875
            ],
            "area": 448.54156556352973,
            "iscrowd": 0,
            "score": 0.9924963712692261
        },
        {
            "image_id": 4,
            "id": 172,
            "category_id": 0,
            "bbox": [
                817.7802734375001,
                803.5009765625,
                23.625671386718523,
                22.3035888671875
            ],
            "area": 526.9372613206455,
            "iscrowd": 0,
            "score": 0.976768970489502
        },
        {
            "image_id": 4,
            "id": 173,
            "category_id": 0,
            "bbox": [
                504.7519836425781,
                438.7114562988281,
                20.389190673828125,
                17.423431396484375
            ],
            "area": 355.24966493528336,
            "iscrowd": 0,
            "score": 0.962774932384491
        },
        {
            "image_id": 4,
            "id": 174,
            "category_id": 0,
            "bbox": [
                659.8697509765625,
                643.3214721679688,
                16.36444091796875,
                24.5247802734375
            ],
            "area": 401.33431781083345,
            "iscrowd": 0,
            "score": 0.9382018446922302
        },
        {
            "image_id": 4,
            "id": 175,
            "category_id": 0,
            "bbox": [
                1202.9044189453125,
                1280.3995361328125,
                21.828369140625,
                19.6004638671875
            ],
            "area": 427.846160620451,
            "iscrowd": 0,
            "score": 0.8145540356636047
        },
        {
            "image_id": 4,
            "id": 176,
            "category_id": 0,
            "bbox": [
                745.5845947265625,
                444.3965759277343,
                16.417724609375,
                26.087585449218807
            ],
            "area": 428.29879362881275,
            "iscrowd": 0,
            "score": 0.7832295894622803
        },
        {
            "image_id": 4,
            "id": 177,
            "category_id": 0,
            "bbox": [
                675.3010864257812,
                646.5651245117188,
                16.3487548828125,
                21.36065673828125
            ],
            "area": 349.2201411500573,
            "iscrowd": 0,
            "score": 0.6955979466438293
        },
        {
            "image_id": 4,
            "id": 178,
            "category_id": 0,
            "bbox": [
                739.9357910156251,
                781.072265625,
                26.996276855468636,
                15.003173828125
            ],
            "area": 405.0298343747837,
            "iscrowd": 0,
            "score": 0.6027984023094177
        },
        {
            "image_id": 4,
            "id": 179,
            "category_id": 0,
            "bbox": [
                1096.39453125,
                1041.52294921875,
                21.572509765625,
                16.3280029296875
            ],
            "area": 352.2360026538372,
            "iscrowd": 0,
            "score": 0.44979965686798096
        },
        {
            "image_id": 4,
            "id": 180,
            "category_id": 0,
            "bbox": [
                252.22613525390625,
                393.689697265625,
                24.787109375,
                12.40655517578125
            ],
            "area": 307.5226401090622,
            "iscrowd": 0,
            "score": 0.35453230142593384
        },
        {
            "image_id": 4,
            "id": 181,
            "category_id": 0,
            "bbox": [
                752.06884765625,
                847.7662963867189,
                18.94384765625,
                16.541015624999886
            ],
            "area": 313.3504800796487,
            "iscrowd": 0,
            "score": 0.20625567436218262
        },
        {
            "image_id": 4,
            "id": 182,
            "category_id": 0,
            "bbox": [
                1239.3172607421875,
                536.35302734375,
                22.3544921875,
                19.60107421875
            ],
            "area": 438.17206048965454,
            "iscrowd": 0,
            "score": 0.19577065110206604
        },
        {
            "image_id": 4,
            "id": 183,
            "category_id": 0,
            "bbox": [
                718.134765625,
                643.2454223632812,
                18.917297363281364,
                23.995605468750114
            ],
            "area": 453.9320040643264,
            "iscrowd": 0,
            "score": 0.19056478142738342
        },
        {
            "image_id": 4,
            "id": 184,
            "category_id": 0,
            "bbox": [
                486.5990905761719,
                664.8104248046875,
                26.025970458984375,
                10.23944091796875
            ],
            "area": 266.49138684757054,
            "iscrowd": 0,
            "score": 0.15372805297374725
        },
        {
            "image_id": 4,
            "id": 185,
            "category_id": 0,
            "bbox": [
                810.0106811523438,
                573.946044921875,
                24.64593505859375,
                27.45721435546875
            ],
            "area": 676.7087218947709,
            "iscrowd": 0,
            "score": 0.11182113736867905
        },
        {
            "image_id": 4,
            "id": 186,
            "category_id": 0,
            "bbox": [
                273.8379821777344,
                542.4007568359375,
                21.304168701171875,
                16.79376220703125
            ],
            "area": 357.77714318595827,
            "iscrowd": 0,
            "score": 0.11177391558885574
        },
        {
            "image_id": 4,
            "id": 187,
            "category_id": 0,
            "bbox": [
                683.1351928710938,
                1139.506103515625,
                16.786865234375,
                22.431396484375
            ],
            "area": 376.5528298020363,
            "iscrowd": 0,
            "score": 0.10173890739679337
        },
        {
            "image_id": 4,
            "id": 188,
            "category_id": 0,
            "bbox": [
                186.6719512939453,
                700.9314575195312,
                25.97564697265625,
                21.940673828125114
            ],
            "area": 569.9231977015763,
            "iscrowd": 0,
            "score": 0.0932551845908165
        },
        {
            "image_id": 4,
            "id": 189,
            "category_id": 0,
            "bbox": [
                1129.495361328125,
                384.8193054199219,
                20.5489501953125,
                20.733367919921875
            ],
            "area": 426.04894476756454,
            "iscrowd": 0,
            "score": 0.06983243674039841
        },
        {
            "image_id": 4,
            "id": 190,
            "category_id": 0,
            "bbox": [
                600.0474243164062,
                959.2154541015625,
                24.35345458984375,
                18.02716064453125
            ],
            "area": 439.0236381404102,
            "iscrowd": 0,
            "score": 0.05432296171784401
        }
    ]
}