{
    "info": {
        "year": "",
        "version": "",
        "contributor": "",
        "url": "https://voxel51.com/fiftyone",
        "date_created": "2023-10-12T14:22:59"
    },
    "licenses": [],
    "categories": [
        {
            "id": 0,
            "name": "1",
            "supercategory": null
        }
    ],
    "images": [
        {
            "id": 1,
            "file_name": "SN3_roads_train_AOI_2_Vegas_PS-MS_img1041.jpg",
            "height": 1300,
            "width": 1300,
            "license": null,
            "coco_url": null
        },
        {
            "id": 2,
            "file_name": "SN3_roads_train_AOI_2_Vegas_PS-MS_img1103.jpg",
            "height": 1300,
            "width": 1300,
            "license": null,
            "coco_url": null
        },
        {
            "id": 3,
            "file_name": "SN3_roads_train_AOI_2_Vegas_PS-RGB_img1039.jpg",
            "height": 1300,
            "width": 1300,
            "license": null,
            "coco_url": null
        },
        {
            "id": 4,
            "file_name": "SN3_roads_train_AOI_2_Vegas_PS-RGB_img1113.jpg",
            "height": 1300,
            "width": 1300,
            "license": null,
            "coco_url": null
        }
    ],
    "annotations": [
        {
            "image_id": 1,
            "id": 1,
            "category_id": 0,
            "bbox": [
                424.852783203125,
                534.1480712890625,
                21.29193115234375,
                20.8099365234375
            ],
            "area": 443.0837357416749,
            "iscrowd": 0,
            "score": 1.0
        },
        {
            "image_id": 1,
            "id": 2,
            "category_id": 0,
            "bbox": [
                219.2149658203125,
                518.0402221679688,
                17.69464111328125,
                18.25567626953125
            ],
            "area": 323.02763986960053,
            "iscrowd": 0,
            "score": 0.9999998807907104
        },
        {
            "image_id": 1,
            "id": 3,
            "category_id": 0,
            "bbox": [
                1075.57373046875,
                542.3238525390625,
                20.7266845703125,
                19.13470458984375
            ],
            "area": 396.5989863798022,
            "iscrowd": 0,
            "score": 0.9999998807907104
        },
        {
            "image_id": 1,
            "id": 4,
            "category_id": 0,
            "bbox": [
                175.96397399902344,
                1272.5341796875,
                12.870101928710909,
                24.06103515625
            ],
            "area": 309.6679749712341,
            "iscrowd": 0,
            "score": 0.9999996423721313
        },
        {
            "image_id": 1,
            "id": 5,
            "category_id": 0,
            "bbox": [
                1267.012451171875,
                298.3442077636719,
                19.87109375,
                20.789306640625
            ],
            "area": 413.10626125335693,
            "iscrowd": 0,
            "score": 0.9999957084655762
        },
        {
            "image_id": 1,
            "id": 6,
            "category_id": 0,
            "bbox": [
                919.2702636718749,
                538.8671264648438,
                21.886291503906364,
                19.13775634765625
            ],
            "area": 418.85451415553905,
            "iscrowd": 0,
            "score": 0.9999936819076538
        },
        {
            "image_id": 1,
            "id": 7,
            "category_id": 0,
            "bbox": [
                478.20684814453125,
                607.42724609375,
                20.998138427734375,
                20.15850830078125
            ],
            "area": 423.29114779643714,
            "iscrowd": 0,
            "score": 0.9999923706054688
        },
        {
            "image_id": 1,
            "id": 8,
            "category_id": 0,
            "bbox": [
                627.9437255859375,
                1272.6937255859375,
                20.7265625,
                20.9342041015625
            ],
            "area": 433.8940896987915,
            "iscrowd": 0,
            "score": 0.9999904632568359
        },
        {
            "image_id": 1,
            "id": 9,
            "category_id": 0,
            "bbox": [
                194.58445739746094,
                836.52099609375,
                17.482376098632784,
                21.98138427734375
            ],
            "area": 384.28682710509685,
            "iscrowd": 0,
            "score": 0.9999784231185913
        },
        {
            "image_id": 1,
            "id": 10,
            "category_id": 0,
            "bbox": [
                882.005615234375,
                453.2464599609375,
                24.160034179687614,
                17.576263427734318
            ],
            "area": 424.6431251652545,
            "iscrowd": 0,
            "score": 0.9999371767044067
        },
        {
            "image_id": 1,
            "id": 11,
            "category_id": 0,
            "bbox": [
                871.9315185546875,
                623.865966796875,
                19.5057373046875,
                23.27703857421875
            ],
            "area": 454.0357996597886,
            "iscrowd": 0,
            "score": 0.9999041557312012
        },
        {
            "image_id": 1,
            "id": 12,
            "category_id": 0,
            "bbox": [
                536.75390625,
                1271.9683837890625,
                14.83953857421875,
                26.4837646484375
            ],
            "area": 393.00684709101915,
            "iscrowd": 0,
            "score": 0.999864935874939
        },
        {
            "image_id": 1,
            "id": 13,
            "category_id": 0,
            "bbox": [
                344.5094299316406,
                529.9962158203125,
                17.35028076171875,
                22.727294921875
            ],
            "area": 394.32494784891605,
            "iscrowd": 0,
            "score": 0.999860405921936
        },
        {
            "image_id": 1,
            "id": 14,
            "category_id": 0,
            "bbox": [
                192.37815856933594,
                801.5232543945311,
                19.074493408203125,
                20.75030517578125
            ],
            "area": 395.80155929364264,
            "iscrowd": 0,
            "score": 0.9997792840003967
        },
        {
            "image_id": 1,
            "id": 15,
            "category_id": 0,
            "bbox": [
                1263.6522216796875,
                340.291259765625,
                20.5150146484375,
                21.572509765625
            ],
            "area": 442.5603538453579,
            "iscrowd": 0,
            "score": 0.9996343851089478
        },
        {
            "image_id": 1,
            "id": 16,
            "category_id": 0,
            "bbox": [
                828.6527709960938,
                535.091064453125,
                20.82012939453125,
                20.0643310546875
            ],
            "area": 417.7419687733054,
            "iscrowd": 0,
            "score": 0.9995843768119812
        },
        {
            "image_id": 1,
            "id": 17,
            "category_id": 0,
            "bbox": [
                1060.1416015625,
                997.190185546875,
                18.82080078125,
                20.03680419921875
            ],
            "area": 377.10870012640953,
            "iscrowd": 0,
            "score": 0.9993847608566284
        },
        {
            "image_id": 1,
            "id": 18,
            "category_id": 0,
            "bbox": [
                447.70025634765625,
                1280.1378173828125,
                15.497680664062557,
                19.8621826171875
            ],
            "area": 307.81776349246616,
            "iscrowd": 0,
            "score": 0.9993315935134888
        },
        {
            "image_id": 1,
            "id": 19,
            "category_id": 0,
            "bbox": [
                694.0916137695312,
                627.0626831054688,
                24.3157958984375,
                22.29052734375
            ],
            "area": 542.0119133591652,
            "iscrowd": 0,
            "score": 0.9993267059326172
        },
        {
            "image_id": 1,
            "id": 20,
            "category_id": 0,
            "bbox": [
                189.42042541503906,
                519.5501708984375,
                21.0675048828125,
                19.01715087890625
            ],
            "area": 400.64391899853945,
            "iscrowd": 0,
            "score": 0.998651921749115
        },
        {
            "image_id": 1,
            "id": 21,
            "category_id": 0,
            "bbox": [
                1048.6414794921875,
                933.77197265625,
                21.291015625,
                20.250610351562614
            ],
            "area": 431.1560614109064,
            "iscrowd": 0,
            "score": 0.9960671067237854
        },
        {
            "image_id": 1,
            "id": 22,
            "category_id": 0,
            "bbox": [
                1029.8125,
                525.21630859375,
                17.1146240234375,
                22.5301513671875
            ],
            "area": 385.5950698405504,
            "iscrowd": 0,
            "score": 0.9764849543571472
        },
        {
            "image_id": 1,
            "id": 23,
            "category_id": 0,
            "bbox": [
                950.2186279296875,
                1034.8992919921875,
                18.998962402343864,
                20.0867919921875
            ],
            "area": 381.6282058432721,
            "iscrowd": 0,
            "score": 0.9346686601638794
        },
        {
            "image_id": 1,
            "id": 24,
            "category_id": 0,
            "bbox": [
                882.827880859375,
                866.4462280273438,
                19.554931640624886,
                25.635253906250114
            ],
            "area": 501.29563772678307,
            "iscrowd": 0,
            "score": 0.9330362677574158
        },
        {
            "image_id": 1,
            "id": 25,
            "category_id": 0,
            "bbox": [
                288.43817138671875,
                941.0120849609375,
                20.62432861328125,
                19.162353515625
            ],
            "area": 395.21067591011524,
            "iscrowd": 0,
            "score": 0.9110651612281799
        },
        {
            "image_id": 1,
            "id": 26,
            "category_id": 0,
            "bbox": [
                54.17637634277344,
                1118.4681396484375,
                17.89519500732422,
                23.2020263671875
            ],
            "area": 415.20478640589863,
            "iscrowd": 0,
            "score": 0.8332089185714722
        },
        {
            "image_id": 1,
            "id": 27,
            "category_id": 0,
            "bbox": [
                429.3887939453125,
                1279.0771484375,
                29.582763671875,
                20.44677734375
            ],
            "area": 604.8721820116043,
            "iscrowd": 0,
            "score": 0.7905303239822388
        },
        {
            "image_id": 1,
            "id": 28,
            "category_id": 0,
            "bbox": [
                565.6365966796875,
                853.3895263671875,
                21.51885986328125,
                20.05523681640625
            ],
            "area": 431.5658305771649,
            "iscrowd": 0,
            "score": 0.7106562852859497
        },
        {
            "image_id": 1,
            "id": 29,
            "category_id": 0,
            "bbox": [
                550.5481567382812,
                1271.8780517578125,
                15.28662109375,
                26.6502685546875
            ],
            "area": 407.39255744218826,
            "iscrowd": 0,
            "score": 0.5992817282676697
        },
        {
            "image_id": 1,
            "id": 30,
            "category_id": 0,
            "bbox": [
                628.2509765625,
                1249.42919921875,
                18.16119384765625,
                20.9117431640625
            ],
            "area": 379.7822212949395,
            "iscrowd": 0,
            "score": 0.541907787322998
        },
        {
            "image_id": 1,
            "id": 31,
            "category_id": 0,
            "bbox": [
                397.3879089355469,
                880.67333984375,
                21.392822265625,
                20.792724609375
            ],
            "area": 444.8150619864464,
            "iscrowd": 0,
            "score": 0.31126126646995544
        },
        {
            "image_id": 1,
            "id": 32,
            "category_id": 0,
            "bbox": [
                554.760498046875,
                1272.5162353515625,
                8.31939697265625,
                23.7569580078125
            ],
            "area": 197.64356452971697,
            "iscrowd": 0,
            "score": 0.21394702792167664
        },
        {
            "image_id": 1,
            "id": 33,
            "category_id": 0,
            "bbox": [
                108.43895721435547,
                927.4127197265625,
                23.39356231689453,
                20.698303222656364
            ],
            "area": 484.20704629319056,
            "iscrowd": 0,
            "score": 0.20784582197666168
        },
        {
            "image_id": 1,
            "id": 34,
            "category_id": 0,
            "bbox": [
                447.4119873046875,
                659.6141357421875,
                21.000701904296875,
                19.7275390625
            ],
            "area": 414.29216715693474,
            "iscrowd": 0,
            "score": 0.15443210303783417
        },
        {
            "image_id": 1,
            "id": 35,
            "category_id": 0,
            "bbox": [
                652.53955078125,
                1279.2789306640625,
                21.51025390625,
                14.685791015625
            ],
            "area": 315.8950935602188,
            "iscrowd": 0,
            "score": 0.07440678030252457
        },
        {
            "image_id": 1,
            "id": 36,
            "category_id": 0,
            "bbox": [
                1257.6014404296875,
                665.9144897460938,
                22.796630859375,
                21.902099609375
            ],
            "area": 499.29407984018326,
            "iscrowd": 0,
            "score": 0.0587087944149971
        },
        {
            "image_id": 2,
            "id": 37,
            "category_id": 0,
            "bbox": [
                663.72900390625,
                247.42990112304688,
                22.40087890625,
                20.898712158203125
            ],
            "area": 468.1495203524828,
            "iscrowd": 0,
            "score": 1.0
        },
        {
            "image_id": 2,
            "id": 38,
            "category_id": 0,
            "bbox": [
                342.8509521484375,
                661.7972412109375,
                21.270904541015625,
                15.17877197265625
            ],
            "area": 322.8662096802145,
            "iscrowd": 0,
            "score": 1.0
        },
        {
            "image_id": 2,
            "id": 39,
            "category_id": 0,
            "bbox": [
                400.7901306152344,
                1017.5485229492188,
                22.307342529296875,
                48.84002685546875
            ],
            "area": 1089.4912082049996,
            "iscrowd": 0,
            "score": 1.0
        },
        {
            "image_id": 2,
            "id": 40,
            "category_id": 0,
            "bbox": [
                488.9648132324219,
                1182.2083740234375,
                15.589447021484375,
                28.9954833984375
            ],
            "area": 452.0235523022711,
            "iscrowd": 0,
            "score": 1.0
        },
        {
            "image_id": 2,
            "id": 41,
            "category_id": 0,
            "bbox": [
                898.7894287109375,
                708.0358276367188,
                14.506591796875,
                20.267456054687386
            ],
            "area": 294.0117117464526,
            "iscrowd": 0,
            "score": 1.0
        },
        {
            "image_id": 2,
            "id": 42,
            "category_id": 0,
            "bbox": [
                450.3349304199219,
                158.03416442871094,
                14.488922119140625,
                21.014907836914062
            ],
            "area": 304.4833629899658,
            "iscrowd": 0,
            "score": 1.0
        },
        {
            "image_id": 2,
            "id": 43,
            "category_id": 0,
            "bbox": [
                875.8291015625001,
                553.7919921875,
                14.406372070312273,
                22.3516845703125
            ],
            "area": 322.0066843181798,
            "iscrowd": 0,
            "score": 1.0
        },
        {
            "image_id": 2,
            "id": 44,
            "category_id": 0,
            "bbox": [
                471.16741943359375,
                162.31117248535156,
                14.55450439453125,
                22.277099609375
            ],
            "area": 324.23214416205883,
            "iscrowd": 0,
            "score": 1.0
        },
        {
            "image_id": 2,
            "id": 45,
            "category_id": 0,
            "bbox": [
                67.53817749023438,
                303.2923278808594,
                14.453018188476562,
                19.66290283203125
            ],
            "area": 284.18829226959497,
            "iscrowd": 0,
            "score": 1.0
        },
        {
            "image_id": 2,
            "id": 46,
            "category_id": 0,
            "bbox": [
                646.6264038085938,
                268.7509765625,
                25.9515380859375,
                18.291290283203125
            ],
            "area": 474.6871164254844,
            "iscrowd": 0,
            "score": 1.0
        },
        {
            "image_id": 2,
            "id": 47,
            "category_id": 0,
            "bbox": [
                450.3213195800781,
                658.0480957031249,
                25.281646728515625,
                20.006591796875
            ],
            "area": 505.7995860502124,
            "iscrowd": 0,
            "score": 1.0
        },
        {
            "image_id": 2,
            "id": 48,
            "category_id": 0,
            "bbox": [
                1007.1209106445312,
                320.6494445800781,
                15.041809082031364,
                22.5223388671875
            ],
            "area": 338.7767213210489,
            "iscrowd": 0,
            "score": 1.0
        },
        {
            "image_id": 2,
            "id": 49,
            "category_id": 0,
            "bbox": [
                138.2666778564453,
                876.0191040039061,
                16.483535766601562,
                25.277587890625114
            ],
            "area": 416.6640240885336,
            "iscrowd": 0,
            "score": 1.0
        },
        {
            "image_id": 2,
            "id": 50,
            "category_id": 0,
            "bbox": [
                814.8135375976562,
                337.42706298828125,
                29.53839111328125,
                17.414642333984375
            ],
            "area": 514.4005163591355,
            "iscrowd": 0,
            "score": 1.0
        },
        {
            "image_id": 2,
            "id": 51,
            "category_id": 0,
            "bbox": [
                1032.765380859375,
                311.123046875,
                21.837646484375,
                19.063934326171875
            ],
            "area": 416.31145841628313,
            "iscrowd": 0,
            "score": 1.0
        },
        {
            "image_id": 2,
            "id": 52,
            "category_id": 0,
            "bbox": [
                112.05313110351564,
                308.0,
                21.195068359374986,
                23.667480468749943
            ],
            "area": 501.6338664293274,
            "iscrowd": 0,
            "score": 1.0
        },
        {
            "image_id": 2,
            "id": 53,
            "category_id": 0,
            "bbox": [
                18.29924201965332,
                329.9187316894531,
                18.4367618560791,
                16.53521728515625
            ],
            "area": 304.8558633249486,
            "iscrowd": 0,
            "score": 1.0
        },
        {
            "image_id": 2,
            "id": 54,
            "category_id": 0,
            "bbox": [
                428.6388854980469,
                198.57131958007815,
                26.86883544921875,
                13.904373168945284
            ],
            "area": 373.5943147009231,
            "iscrowd": 0,
            "score": 1.0
        },
        {
            "image_id": 2,
            "id": 55,
            "category_id": 0,
            "bbox": [
                259.1722717285156,
                554.904296875,
                27.3978271484375,
                12.486083984375
            ],
            "area": 342.09157076478004,
            "iscrowd": 0,
            "score": 0.9999998807907104
        },
        {
            "image_id": 2,
            "id": 56,
            "category_id": 0,
            "bbox": [
                423.6403503417969,
                655.6307373046875,
                12.26702880859375,
                20.86578369140625
            ],
            "area": 255.9611696563661,
            "iscrowd": 0,
            "score": 0.9999998807907104
        },
        {
            "image_id": 2,
            "id": 57,
            "category_id": 0,
            "bbox": [
                101.65113067626953,
                193.9810333251953,
                16.32952117919922,
                25.218246459960938
            ],
            "area": 411.80188967019785,
            "iscrowd": 0,
            "score": 0.9999998807907104
        },
        {
            "image_id": 2,
            "id": 58,
            "category_id": 0,
            "bbox": [
                258.8540954589844,
                569.9083251953125,
                27.02490234375,
                13.01007080078125
            ],
            "area": 351.59589287638664,
            "iscrowd": 0,
            "score": 0.9999997615814209
        },
        {
            "image_id": 2,
            "id": 59,
            "category_id": 0,
            "bbox": [
                513.4415893554688,
                823.0972900390625,
                15.77471923828125,
                23.85870361328125
            ],
            "area": 376.3643508888781,
            "iscrowd": 0,
            "score": 0.9999997615814209
        },
        {
            "image_id": 2,
            "id": 60,
            "category_id": 0,
            "bbox": [
                933.8973388671875,
                167.05006408691406,
                14.7081298828125,
                21.877182006835938
            ],
            "area": 321.7724344264716,
            "iscrowd": 0,
            "score": 0.9999997615814209
        },
        {
            "image_id": 2,
            "id": 61,
            "category_id": 0,
            "bbox": [
                1229.874755859375,
                495.5151672363281,
                14.6805419921875,
                23.836700439453125
            ],
            "area": 349.93568175658584,
            "iscrowd": 0,
            "score": 0.9999996423721313
        },
        {
            "image_id": 2,
            "id": 62,
            "category_id": 0,
            "bbox": [
                133.13095092773438,
                309.3343505859375,
                11.954666137695312,
                22.281829833984432
            ],
            "area": 266.37183660222286,
            "iscrowd": 0,
            "score": 0.9999995231628418
        },
        {
            "image_id": 2,
            "id": 63,
            "category_id": 0,
            "bbox": [
                854.7033081054689,
                347.16174316406244,
                18.311767578124886,
                43.008941650390625
            ],
            "area": 787.5697432830881,
            "iscrowd": 0,
            "score": 0.9999995231628418
        },
        {
            "image_id": 2,
            "id": 64,
            "category_id": 0,
            "bbox": [
                704.26513671875,
                269.80206298828125,
                24.6051025390625,
                14.16424560546875
            ],
            "area": 348.512715511024,
            "iscrowd": 0,
            "score": 0.9999990463256836
        },
        {
            "image_id": 2,
            "id": 65,
            "category_id": 0,
            "bbox": [
                556.17138671875,
                802.4410400390625,
                22.4088134765625,
                48.357910156249886
            ],
            "area": 1083.643388807771,
            "iscrowd": 0,
            "score": 0.9999980926513672
        },
        {
            "image_id": 2,
            "id": 66,
            "category_id": 0,
            "bbox": [
                409.2672119140625,
                651.956787109375,
                13.3687744140625,
                26.03753662109375
            ],
            "area": 348.0899533852935,
            "iscrowd": 0,
            "score": 0.9997957348823547
        },
        {
            "image_id": 2,
            "id": 67,
            "category_id": 0,
            "bbox": [
                348.83160400390625,
                440.187744140625,
                25.972625732421875,
                13.5194091796875
            ],
            "area": 351.1345547474921,
            "iscrowd": 0,
            "score": 0.9997001886367798
        },
        {
            "image_id": 2,
            "id": 68,
            "category_id": 0,
            "bbox": [
                102.2944564819336,
                586.6306762695312,
                17.60509490966797,
                23.2509765625
            ],
            "area": 409.335649125278,
            "iscrowd": 0,
            "score": 0.9991224408149719
        },
        {
            "image_id": 2,
            "id": 69,
            "category_id": 0,
            "bbox": [
                733.7943725585938,
                594.509033203125,
                14.51995849609375,
                19.38037109375
            ],
            "area": 281.40218392014503,
            "iscrowd": 0,
            "score": 0.9982181191444397
        },
        {
            "image_id": 2,
            "id": 70,
            "category_id": 0,
            "bbox": [
                913.255859375,
                706.8818359375,
                14.774963378906364,
                18.991333007812386
            ],
            "area": 280.5962497070436,
            "iscrowd": 0,
            "score": 0.996112048625946
        },
        {
            "image_id": 2,
            "id": 71,
            "category_id": 0,
            "bbox": [
                484.06338500976557,
                239.80992126464844,
                19.86260986328125,
                18.171798706054688
            ],
            "area": 360.9393482124433,
            "iscrowd": 0,
            "score": 0.3116266131401062
        },
        {
            "image_id": 2,
            "id": 72,
            "category_id": 0,
            "bbox": [
                552.4343872070312,
                654.6458740234375,
                15.69647216796875,
                18.89404296875
            ],
            "area": 296.56981959939003,
            "iscrowd": 0,
            "score": 0.21660025417804718
        },
        {
            "image_id": 2,
            "id": 73,
            "category_id": 0,
            "bbox": [
                685.7899169921875,
                648.4015502929688,
                18.1865234375,
                17.90185546875
            ],
            "area": 325.5725140571594,
            "iscrowd": 0,
            "score": 0.14672018587589264
        },
        {
            "image_id": 2,
            "id": 74,
            "category_id": 0,
            "bbox": [
                704.81640625,
                274.1634521484375,
                22.650390625,
                14.0401611328125
            ],
            "area": 318.01513409614563,
            "iscrowd": 0,
            "score": 0.12095705419778824
        },
        {
            "image_id": 3,
            "id": 75,
            "category_id": 0,
            "bbox": [
                37.036041259765625,
                697.0548095703125,
                27.679306030273438,
                28.4041748046875
            ],
            "area": 786.2078469563276,
            "iscrowd": 0,
            "score": 1.0
        },
        {
            "image_id": 3,
            "id": 76,
            "category_id": 0,
            "bbox": [
                698.8923950195312,
                530.0631103515625,
                16.63232421875,
                27.7764892578125
            ],
            "area": 461.98757499456406,
            "iscrowd": 0,
            "score": 1.0
        },
        {
            "image_id": 3,
            "id": 77,
            "category_id": 0,
            "bbox": [
                668.2650756835939,
                446.4599609375,
                20.559143066406136,
                20.72430419921875
            ],
            "area": 426.07393498345976,
            "iscrowd": 0,
            "score": 1.0
        },
        {
            "image_id": 3,
            "id": 78,
            "category_id": 0,
            "bbox": [
                730.1920166015625,
                566.361328125,
                27.450439453124886,
                24.90478515625
            ],
            "area": 683.647297024724,
            "iscrowd": 0,
            "score": 1.0
        },
        {
            "image_id": 3,
            "id": 79,
            "category_id": 0,
            "bbox": [
                490.8879699707031,
                98.49245452880861,
                25.365020751953125,
                18.156303405761705
            ],
            "area": 460.53501266590285,
            "iscrowd": 0,
            "score": 1.0
        },
        {
            "image_id": 3,
            "id": 80,
            "category_id": 0,
            "bbox": [
                228.67704772949222,
                167.28367614746094,
                22.939834594726534,
                23.485214233398438
            ],
            "area": 538.7469299358775,
            "iscrowd": 0,
            "score": 1.0
        },
        {
            "image_id": 3,
            "id": 81,
            "category_id": 0,
            "bbox": [
                57.20681381225585,
                292.32525634765625,
                21.807460784912116,
                22.227752685546875
            ],
            "area": 484.7308450267885,
            "iscrowd": 0,
            "score": 1.0
        },
        {
            "image_id": 3,
            "id": 82,
            "category_id": 0,
            "bbox": [
                239.98785400390625,
                192.6307830810547,
                29.248199462890625,
                26.407913208007812
            ],
            "area": 772.3839129065163,
            "iscrowd": 0,
            "score": 1.0
        },
        {
            "image_id": 3,
            "id": 83,
            "category_id": 0,
            "bbox": [
                247.25244140625,
                456.4270324707031,
                24.778472900390625,
                18.66925048828125
            ],
            "area": 462.5955172944814,
            "iscrowd": 0,
            "score": 1.0
        },
        {
            "image_id": 3,
            "id": 84,
            "category_id": 0,
            "bbox": [
                8.58224868774414,
                367.00793457031244,
                19.433116912841793,
                20.386291503906307
            ],
            "area": 396.1691862146846,
            "iscrowd": 0,
            "score": 1.0
        },
        {
            "image_id": 3,
            "id": 85,
            "category_id": 0,
            "bbox": [
                114.67958068847655,
                231.75177001953128,
                18.835388183593764,
                26.318817138671847
            ],
            "area": 495.72513733990473,
            "iscrowd": 0,
            "score": 1.0
        },
        {
            "image_id": 3,
            "id": 86,
            "category_id": 0,
            "bbox": [
                709.7150268554688,
                588.5604248046875,
                27.280334472656136,
                26.7669677734375
            ],
            "area": 730.2118336781829,
            "iscrowd": 0,
            "score": 1.0
        },
        {
            "image_id": 3,
            "id": 87,
            "category_id": 0,
            "bbox": [
                350.6483154296875,
                6.960512161254882,
                25.56439208984375,
                18.45658302307129
            ],
            "area": 471.8313250405481,
            "iscrowd": 0,
            "score": 1.0
        },
        {
            "image_id": 3,
            "id": 88,
            "category_id": 0,
            "bbox": [
                394.1081848144531,
                23.69563102722168,
                20.17333984375,
                23.362733840942383
            ],
            "area": 471.30436945240945,
            "iscrowd": 0,
            "score": 0.9999998807907104
        },
        {
            "image_id": 3,
            "id": 89,
            "category_id": 0,
            "bbox": [
                30.429519653320312,
                344.23934936523443,
                15.76658630371093,
                19.113525390624943
            ],
            "area": 301.35504763945835,
            "iscrowd": 0,
            "score": 0.9999998807907104
        },
        {
            "image_id": 3,
            "id": 90,
            "category_id": 0,
            "bbox": [
                436.6936950683594,
                437.3882751464843,
                24.58001708984375,
                16.37875366210949
            ],
            "area": 402.5900449249921,
            "iscrowd": 0,
            "score": 0.9999997615814209
        },
        {
            "image_id": 3,
            "id": 91,
            "category_id": 0,
            "bbox": [
                504.9506530761719,
                83.34117889404297,
                24.291473388671875,
                17.172569274902344
            ],
            "area": 417.14700955641456,
            "iscrowd": 0,
            "score": 0.9999996423721313
        },
        {
            "image_id": 3,
            "id": 92,
            "category_id": 0,
            "bbox": [
                269.7710876464844,
                99.69207000732422,
                25.76953125,
                26.159812927246108
            ],
            "area": 674.1261167228225,
            "iscrowd": 0,
            "score": 0.9999995231628418
        },
        {
            "image_id": 3,
            "id": 93,
            "category_id": 0,
            "bbox": [
                195.92683410644534,
                449.0790710449219,
                21.13262939453122,
                20.500152587890568
            ],
            "area": 433.22212717123153,
            "iscrowd": 0,
            "score": 0.9999994039535522
        },
        {
            "image_id": 3,
            "id": 94,
            "category_id": 0,
            "bbox": [
                105.99104309082031,
                1.7750508785247803,
                24.262130737304688,
                14.416353464126587
            ],
            "area": 349.7714525018346,
            "iscrowd": 0,
            "score": 0.9999994039535522
        },
        {
            "image_id": 3,
            "id": 95,
            "category_id": 0,
            "bbox": [
                426.5391845703125,
                430.2361145019531,
                22.725311279296875,
                13.420928955078182
            ],
            "area": 304.99478816148024,
            "iscrowd": 0,
            "score": 0.999998927116394
        },
        {
            "image_id": 3,
            "id": 96,
            "category_id": 0,
            "bbox": [
                397.6065673828125,
                416.67965698242193,
                23.960235595703125,
                14.020660400390568
            ],
            "area": 335.9383264007033,
            "iscrowd": 0,
            "score": 0.9999988079071045
        },
        {
            "image_id": 3,
            "id": 97,
            "category_id": 0,
            "bbox": [
                516.33203125,
                76.23281860351562,
                20.4158935546875,
                16.993362426757812
            ],
            "area": 346.93467844091356,
            "iscrowd": 0,
            "score": 0.9999980926513672
        },
        {
            "image_id": 3,
            "id": 98,
            "category_id": 0,
            "bbox": [
                385.9599609375,
                14.948587417602539,
                16.980133056640625,
                20.38783073425293
            ],
            "area": 346.1880786038819,
            "iscrowd": 0,
            "score": 0.9999967813491821
        },
        {
            "image_id": 3,
            "id": 99,
            "category_id": 0,
            "bbox": [
                467.4135437011719,
                327.7605895996094,
                19.259368896484375,
                17.396209716796818
            ],
            "area": 335.0400203363959,
            "iscrowd": 0,
            "score": 0.9999947547912598
        },
        {
            "image_id": 3,
            "id": 100,
            "category_id": 0,
            "bbox": [
                407.55230712890625,
                404.7000732421875,
                36.125701904296875,
                22.352722167968693
            ],
            "area": 807.5077777896056,
            "iscrowd": 0,
            "score": 0.9999912977218628
        },
        {
            "image_id": 3,
            "id": 101,
            "category_id": 0,
            "bbox": [
                27.57999992370606,
                331.07635498046875,
                20.04157829284667,
                17.343963623046875
            ],
            "area": 347.60040485957853,
            "iscrowd": 0,
            "score": 0.9999740123748779
        },
        {
            "image_id": 3,
            "id": 102,
            "category_id": 0,
            "bbox": [
                91.29411315917969,
                232.48402404785156,
                22.3199462890625,
                28.681930541992188
            ],
            "area": 640.1791491638869,
            "iscrowd": 0,
            "score": 0.9999666213989258
        },
        {
            "image_id": 3,
            "id": 103,
            "category_id": 0,
            "bbox": [
                207.61317443847656,
                454.0237426757813,
                21.960601806640625,
                19.643127441406193
            ],
            "area": 431.3748999778169,
            "iscrowd": 0,
            "score": 0.9999233484268188
        },
        {
            "image_id": 3,
            "id": 104,
            "category_id": 0,
            "bbox": [
                40.17024230957031,
                267.9820251464844,
                29.934814453125,
                31.245697021484375
            ],
            "area": 935.3341427966952,
            "iscrowd": 0,
            "score": 0.9998495578765869
        },
        {
            "image_id": 3,
            "id": 105,
            "category_id": 0,
            "bbox": [
                60.548160552978516,
                323.1329345703125,
                14.957134246826172,
                17.042724609375
            ],
            "area": 254.91031991411,
            "iscrowd": 0,
            "score": 0.9998143315315247
        },
        {
            "image_id": 3,
            "id": 106,
            "category_id": 0,
            "bbox": [
                270.2318420410156,
                419.2892761230469,
                21.320892333984375,
                17.89483642578125
            ],
            "area": 381.5338807683438,
            "iscrowd": 0,
            "score": 0.9995344877243042
        },
        {
            "image_id": 3,
            "id": 107,
            "category_id": 0,
            "bbox": [
                667.0242919921875,
                233.5279846191406,
                24.3575439453125,
                17.57830810546878
            ],
            "area": 428.1644121631987,
            "iscrowd": 0,
            "score": 0.9985625147819519
        },
        {
            "image_id": 3,
            "id": 108,
            "category_id": 0,
            "bbox": [
                994.7890014648438,
                380.9847717285156,
                21.67962646484375,
                24.0174560546875
            ],
            "area": 520.6894759014249,
            "iscrowd": 0,
            "score": 0.9981725215911865
        },
        {
            "image_id": 3,
            "id": 109,
            "category_id": 0,
            "bbox": [
                253.64999389648438,
                446.05828857421875,
                21.134368896484375,
                16.279449462890625
            ],
            "area": 344.0558903804049,
            "iscrowd": 0,
            "score": 0.9971488118171692
        },
        {
            "image_id": 3,
            "id": 110,
            "category_id": 0,
            "bbox": [
                909.3761596679688,
                420.17120361328125,
                50.64593505859375,
                57.33660888671875
            ],
            "area": 2903.866170156747,
            "iscrowd": 0,
            "score": 0.995547890663147
        },
        {
            "image_id": 3,
            "id": 111,
            "category_id": 0,
            "bbox": [
                222.45187377929688,
                250.68734741210935,
                21.025665283203153,
                21.774200439453153
            ],
            "area": 457.817050249317,
            "iscrowd": 0,
            "score": 0.9924854636192322
        },
        {
            "image_id": 3,
            "id": 112,
            "category_id": 0,
            "bbox": [
                775.500732421875,
                255.4124755859375,
                36.633911132812614,
                20.579315185546875
            ],
            "area": 753.9008036814654,
            "iscrowd": 0,
            "score": 0.9861120581626892
        },
        {
            "image_id": 3,
            "id": 113,
            "category_id": 0,
            "bbox": [
                506.1521911621094,
                123.24827575683592,
                22.687713623046875,
                19.110534667968764
            ],
            "area": 433.57433773018454,
            "iscrowd": 0,
            "score": 0.9844600558280945
        },
        {
            "image_id": 3,
            "id": 114,
            "category_id": 0,
            "bbox": [
                81.96351623535156,
                453.640625,
                33.246307373046875,
                45.40545654296869
            ],
            "area": 1509.5637646410596,
            "iscrowd": 0,
            "score": 0.9808334112167358
        },
        {
            "image_id": 3,
            "id": 115,
            "category_id": 0,
            "bbox": [
                476.05126953125,
                317.80816650390625,
                21.55889892578125,
                18.31365966796875
            ],
            "area": 394.8223377428949,
            "iscrowd": 0,
            "score": 0.9797709584236145
        },
        {
            "image_id": 3,
            "id": 116,
            "category_id": 0,
            "bbox": [
                727.268310546875,
                222.51101684570315,
                29.7344970703125,
                20.69767761230466
            ],
            "area": 615.4350343253456,
            "iscrowd": 0,
            "score": 0.979506254196167
        },
        {
            "image_id": 3,
            "id": 117,
            "category_id": 0,
            "bbox": [
                765.6931762695312,
                154.7314453125,
                21.36224365234375,
                19.024032592773438
            ],
            "area": 406.396019496955,
            "iscrowd": 0,
            "score": 0.9716798067092896
        },
        {
            "image_id": 3,
            "id": 118,
            "category_id": 0,
            "bbox": [
                495.8157653808593,
                295.7773132324219,
                18.761810302734432,
                21.56640625
            ],
            "area": 404.62482297420627,
            "iscrowd": 0,
            "score": 0.8651209473609924
        },
        {
            "image_id": 3,
            "id": 119,
            "category_id": 0,
            "bbox": [
                1205.9271240234375,
                147.274658203125,
                28.3623046875,
                21.870712280273438
            ],
            "area": 620.3038054257631,
            "iscrowd": 0,
            "score": 0.7731713652610779
        },
        {
            "image_id": 3,
            "id": 120,
            "category_id": 0,
            "bbox": [
                133.310546875,
                449.87832641601557,
                23.439193725585938,
                26.556427001953182
            ],
            "area": 622.461237158162,
            "iscrowd": 0,
            "score": 0.7313011884689331
        },
        {
            "image_id": 3,
            "id": 121,
            "category_id": 0,
            "bbox": [
                1006.1863403320314,
                423.2041931152344,
                22.370178222656136,
                24.593292236328125
            ],
            "area": 550.1563304085256,
            "iscrowd": 0,
            "score": 0.7039477825164795
        },
        {
            "image_id": 3,
            "id": 122,
            "category_id": 0,
            "bbox": [
                509.8623352050781,
                79.29670715332031,
                22.639801025390625,
                17.002182006835938
            ],
            "area": 384.9260176322423,
            "iscrowd": 0,
            "score": 0.6840420365333557
        },
        {
            "image_id": 3,
            "id": 123,
            "category_id": 0,
            "bbox": [
                1243.493408203125,
                545.4283447265625,
                24.579833984375,
                21.81976318359375
            ],
            "area": 536.3261566311121,
            "iscrowd": 0,
            "score": 0.5645272731781006
        },
        {
            "image_id": 3,
            "id": 124,
            "category_id": 0,
            "bbox": [
                943.1500244140625,
                447.2054748535156,
                44.9915771484375,
                37.4146728515625
            ],
            "area": 1683.3451400846243,
            "iscrowd": 0,
            "score": 0.4471186399459839
        },
        {
            "image_id": 3,
            "id": 125,
            "category_id": 0,
            "bbox": [
                1215.1910400390625,
                154.058837890625,
                21.2525634765625,
                30.553924560546875
            ],
            "area": 649.3492211811244,
            "iscrowd": 0,
            "score": 0.40660110116004944
        },
        {
            "image_id": 3,
            "id": 126,
            "category_id": 0,
            "bbox": [
                810.3446655273438,
                171.4415283203125,
                18.556884765624886,
                23.378189086914034
            ],
            "area": 433.826360914853,
            "iscrowd": 0,
            "score": 0.13989222049713135
        },
        {
            "image_id": 3,
            "id": 127,
            "category_id": 0,
            "bbox": [
                990.3355712890625,
                446.62713623046875,
                17.6373291015625,
                35.50848388671875
            ],
            "area": 626.2748162075877,
            "iscrowd": 0,
            "score": 0.12138225883245468
        },
        {
            "image_id": 3,
            "id": 128,
            "category_id": 0,
            "bbox": [
                500.6661376953125,
                125.55913543701172,
                19.256103515625,
                20.227027893066406
            ],
            "area": 389.49374292232096,
            "iscrowd": 0,
            "score": 0.07199504226446152
        },
        {
            "image_id": 4,
            "id": 129,
            "category_id": 0,
            "bbox": [
                368.1820983886719,
                107.3179397583008,
                30.089813232421875,
                17.140998840332003
            ],
            "area": 515.7694537227499,
            "iscrowd": 0,
            "score": 1.0
        },
        {
            "image_id": 4,
            "id": 130,
            "category_id": 0,
            "bbox": [
                487.5341796875,
                680.9839477539064,
                27.14434814453125,
                14.886230468749886
            ],
            "area": 404.07702240347555,
            "iscrowd": 0,
            "score": 1.0
        },
        {
            "image_id": 4,
            "id": 131,
            "category_id": 0,
            "bbox": [
                470.21240234375,
                1249.0618896484375,
                18.097869873046875,
                24.0869140625
            ],
            "area": 435.92183634638786,
            "iscrowd": 0,
            "score": 1.0
        },
        {
            "image_id": 4,
            "id": 132,
            "category_id": 0,
            "bbox": [
                1139.4168701171875,
                655.0278930664062,
                16.7705078125,
                23.12884521484375
            ],
            "area": 387.88247936964035,
            "iscrowd": 0,
            "score": 1.0
        },
        {
            "image_id": 4,
            "id": 133,
            "category_id": 0,
            "bbox": [
                280.437744140625,
                945.52294921875,
                15.5274658203125,
                23.933837890625
            ],
            "area": 371.6318497955799,
            "iscrowd": 0,
            "score": 1.0
        },
        {
            "image_id": 4,
            "id": 134,
            "category_id": 0,
            "bbox": [
                259.82171630859375,
                633.7109985351562,
                23.36517333984375,
                17.0592041015625
            ],
            "area": 398.5912608727813,
            "iscrowd": 0,
            "score": 1.0
        },
        {
            "image_id": 4,
            "id": 135,
            "category_id": 0,
            "bbox": [
                496.7488708496094,
                1277.6856689453125,
                29.487335205078125,
                17.57080078125
            ],
            "area": 518.1160924583673,
            "iscrowd": 0,
            "score": 1.0
        },
        {
            "image_id": 4,
            "id": 136,
            "category_id": 0,
            "bbox": [
                831.239501953125,
                1022.4990234374999,
                17.1527099609375,
                20.771484375000114
            ],
            "area": 356.2872469425221,
            "iscrowd": 0,
            "score": 0.9999994039535522
        },
        {
            "image_id": 4,
            "id": 137,
            "category_id": 0,
            "bbox": [
                88.38790893554686,
                1207.4176025390625,
                23.808746337890625,
                26.6982421875
            ],
            "area": 635.6516759097576,
            "iscrowd": 0,
            "score": 0.9999945163726807
        },
        {
            "image_id": 4,
            "id": 138,
            "category_id": 0,
            "bbox": [
                289.58770751953125,
                543.1627197265625,
                17.050018310546875,
                24.22821044921875
            ],
            "area": 413.0914317909628,
            "iscrowd": 0,
            "score": 0.9999922513961792
        },
        {
            "image_id": 4,
            "id": 139,
            "category_id": 0,
            "bbox": [
                1180.9056396484375,
                660.6159057617188,
                16.062744140625,
                22.78472900390625
            ],
            "area": 365.9852723032236,
            "iscrowd": 0,
            "score": 0.9999921321868896
        },
        {
            "image_id": 4,
            "id": 140,
            "category_id": 0,
            "bbox": [
                211.8912811279297,
                977.0066528320314,
                15.942535400390625,
                23.587707519531136
            ],
            "area": 376.0478621441853,
            "iscrowd": 0,
            "score": 0.9999885559082031
        },
        {
            "image_id": 4,
            "id": 141,
            "category_id": 0,
            "bbox": [
                1179.9189453125,
                765.100830078125,
                17.2962646484375,
                22.329833984375
            ],
            "area": 386.2227181494236,
            "iscrowd": 0,
            "score": 0.9999792575836182
        },
        {
            "image_id": 4,
            "id": 142,
            "category_id": 0,
            "bbox": [
                571.7138671875,
                324.875244140625,
                16.49365234375,
                21.728973388671875
            ],
            "area": 358.39013285934925,
            "iscrowd": 0,
            "score": 0.9999548196792603
        },
        {
            "image_id": 4,
            "id": 143,
            "category_id": 0,
            "bbox": [
                1096.30810546875,
                1042.609375,
                23.6632080078125,
                15.8919677734375
            ],
            "area": 376.05493907630444,
            "iscrowd": 0,
            "score": 0.9999008178710938
        },
        {
            "image_id": 4,
            "id": 144,
            "category_id": 0,
            "bbox": [
                894.7702636718749,
                1270.94140625,
                23.242187500000114,
                21.135498046875
            ],
            "area": 491.2352085113549,
            "iscrowd": 0,
            "score": 0.9998739957809448
        },
        {
            "image_id": 4,
            "id": 145,
            "category_id": 0,
            "bbox": [
                857.0499267578125,
                571.4471435546875,
                16.496765136718636,
                27.37457275390625
            ],
            "area": 451.5918974392085,
            "iscrowd": 0,
            "score": 0.9998713731765747
        },
        {
            "image_id": 4,
            "id": 146,
            "category_id": 0,
            "bbox": [
                481.3513488769531,
                511.94000244140625,
                23.09259033203125,
                17.92193603515625
            ],
            "area": 413.8639268167317,
            "iscrowd": 0,
            "score": 0.9996846914291382
        },
        {
            "image_id": 4,
            "id": 147,
            "category_id": 0,
            "bbox": [
                931.4658203125,
                339.7020568847656,
                17.335205078125,
                19.982574462890625
            ],
            "area": 346.4020263031125,
            "iscrowd": 0,
            "score": 0.9995877146720886
        },
        {
            "image_id": 4,
            "id": 148,
            "category_id": 0,
            "bbox": [
                1141.136474609375,
                244.01206970214844,
                24.352783203125,
                16.382095336914062
            ],
            "area": 398.94961615279317,
            "iscrowd": 0,
            "score": 0.9993728995323181
        },
        {
            "image_id": 4,
            "id": 149,
            "category_id": 0,
            "bbox": [
                819.654541015625,
                803.4198608398438,
                19.80999755859375,
                20.0894775390625
            ],
            "area": 397.9725010022521,
            "iscrowd": 0,
            "score": 0.9991825222969055
        },
        {
            "image_id": 4,
            "id": 150,
            "category_id": 0,
            "bbox": [
                257.9569396972656,
                1248.7393798828125,
                15.516754150390625,
                20.3270263671875
            ],
            "area": 315.4094707481563,
            "iscrowd": 0,
            "score": 0.9987126588821411
        },
        {
            "image_id": 4,
            "id": 151,
            "category_id": 0,
            "bbox": [
                212.7891540527344,
                1171.3756103515625,
                13.849105834960909,
                22.412353515625
            ],
            "area": 310.39105584844884,
            "iscrowd": 0,
            "score": 0.9978840947151184
        },
        {
            "image_id": 4,
            "id": 152,
            "category_id": 0,
            "bbox": [
                503.909423828125,
                437.3594055175781,
                18.62261962890625,
                18.790374755859375
            ],
            "area": 349.9260017629713,
            "iscrowd": 0,
            "score": 0.9977617263793945
        },
        {
            "image_id": 4,
            "id": 153,
            "category_id": 0,
            "bbox": [
                895.8028564453125,
                1202.2237548828125,
                23.481811523437614,
                17.6746826171875
            ],
            "area": 415.0335659533759,
            "iscrowd": 0,
            "score": 0.9955675005912781
        },
        {
            "image_id": 4,
            "id": 154,
            "category_id": 0,
            "bbox": [
                688.4417114257812,
                640.2667236328125,
                22.199401855468864,
                28.11199951171875
            ],
            "area": 624.069574121389,
            "iscrowd": 0,
            "score": 0.9954800605773926
        },
        {
            "image_id": 4,
            "id": 155,
            "category_id": 0,
            "bbox": [
                773.47607421875,
                40.3568115234375,
                19.90625,
                18.391361236572266
            ],
            "area": 366.10303461551666,
            "iscrowd": 0,
            "score": 0.9929021000862122
        },
        {
            "image_id": 4,
            "id": 156,
            "category_id": 0,
            "bbox": [
                1201.4521484375,
                1278.423828125,
                24.9697265625,
                19.64306640625
            ],
            "area": 490.48199701309204,
            "iscrowd": 0,
            "score": 0.9882375597953796
        },
        {
            "image_id": 4,
            "id": 157,
            "category_id": 0,
            "bbox": [
                856.18017578125,
                478.1720275878906,
                18.94281005859375,
                22.977813720703125
            ],
            "area": 435.26436087302864,
            "iscrowd": 0,
            "score": 0.9869571924209595
        },
        {
            "image_id": 4,
            "id": 158,
            "category_id": 0,
            "bbox": [
                725.9776000976562,
                41.450233459472656,
                19.3172607421875,
                18.836029052734375
            ],
            "area": 363.86048455908895,
            "iscrowd": 0,
            "score": 0.977461040019989
        },
        {
            "image_id": 4,
            "id": 159,
            "category_id": 0,
            "bbox": [
                1149.9193115234375,
                1071.49560546875,
                30.051025390625,
                15.2994384765625
            ],
            "area": 459.76381412148476,
            "iscrowd": 0,
            "score": 0.967157781124115
        },
        {
            "image_id": 4,
            "id": 160,
            "category_id": 0,
            "bbox": [
                1192.81103515625,
                1021.8389892578126,
                22.88818359375,
                21.516967773437386
            ],
            "area": 492.48430877923704,
            "iscrowd": 0,
            "score": 0.9573977589607239
        },
        {
            "image_id": 4,
            "id": 161,
            "category_id": 0,
            "bbox": [
                725.3405151367189,
                747.0850830078125,
                17.669433593749886,
                17.4346923828125
            ],
            "area": 308.06113928556243,
            "iscrowd": 0,
            "score": 0.8712377548217773
        },
        {
            "image_id": 4,
            "id": 162,
            "category_id": 0,
            "bbox": [
                842.101318359375,
                1023.1380615234375,
                20.814575195312614,
                18.73486328125
            ],
            "area": 389.9582205414793,
            "iscrowd": 0,
            "score": 0.8164279460906982
        },
        {
            "image_id": 4,
            "id": 163,
            "category_id": 0,
            "bbox": [
                471.0362548828125,
                1188.57958984375,
                19.477905273437557,
                17.7740478515625
            ],
            "area": 346.2012203782807,
            "iscrowd": 0,
            "score": 0.7573830485343933
        },
        {
            "image_id": 4,
            "id": 164,
            "category_id": 0,
            "bbox": [
                1204.061767578125,
                675.472900390625,
                14.4847412109375,
                25.9613037109375
            ],
            "area": 376.04276575148106,
            "iscrowd": 0,
            "score": 0.6927858591079712
        },
        {
            "image_id": 4,
            "id": 165,
            "category_id": 0,
            "bbox": [
                670.479248046875,
                644.1528930664062,
                25.05712890625,
                26.046569824218636
            ],
            "area": 652.6522576510878,
            "iscrowd": 0,
            "score": 0.5720850825309753
        },
        {
            "image_id": 4,
            "id": 166,
            "category_id": 0,
            "bbox": [
                484.9127807617187,
                665.3317871093749,
                26.28256225585949,
                12.282409667968864
            ],
            "area": 322.8131967503621,
            "iscrowd": 0,
            "score": 0.4539514482021332
        },
        {
            "image_id": 4,
            "id": 167,
            "category_id": 0,
            "bbox": [
                1026.555908203125,
                1043.69677734375,
                29.0225830078125,
                15.3382568359375
            ],
            "area": 445.1558322161436,
            "iscrowd": 0,
            "score": 0.33811625838279724
        },
        {
            "image_id": 4,
            "id": 168,
            "category_id": 0,
            "bbox": [
                978.683837890625,
                268.6097412109375,
                20.98095703125,
                18.736236572265625
            ],
            "area": 393.10417445003986,
            "iscrowd": 0,
            "score": 0.3181629776954651
        },
        {
            "image_id": 4,
            "id": 169,
            "category_id": 0,
            "bbox": [
                250.8245086669922,
                392.42974853515625,
                23.720413208007812,
                14.481628417968807
            ],
            "area": 343.5102099990486,
            "iscrowd": 0,
            "score": 0.25230923295021057
        },
        {
            "image_id": 4,
            "id": 170,
            "category_id": 0,
            "bbox": [
                773.5,
                836.6969604492186,
                24.428833007812386,
                16.026245117187614
            ],
            "area": 391.5024657100449,
            "iscrowd": 0,
            "score": 0.2316836267709732
        },
        {
            "image_id": 4,
            "id": 171,
            "category_id": 0,
            "bbox": [
                221.69700622558594,
                705.8649291992188,
                18.918792724609375,
                21.19970703125
            ],
            "area": 401.0728631466627,
            "iscrowd": 0,
            "score": 0.1872314065694809
        },
        {
            "image_id": 4,
            "id": 172,
            "category_id": 0,
            "bbox": [
                53.76751708984375,
                439.8851318359375,
                15.594131469726562,
                22.34503173828125
            ],
            "area": 348.4513626219705,
            "iscrowd": 0,
            "score": 0.157663956284523
        },
        {
            "image_id": 4,
            "id": 173,
            "category_id": 0,
            "bbox": [
                0.0,
                809.1063842773438,
                13.593073844909668,
                19.40576171875
            ],
            "area": 263.7839520596899,
            "iscrowd": 0,
            "score": 0.1079011932015419
        },
        {
            "image_id": 4,
            "id": 174,
            "category_id": 0,
            "bbox": [
                1140.1412353515625,
                499.154541015625,
                24.1942138671875,
                19.7503662109375
            ],
            "area": 477.8445840626955,
            "iscrowd": 0,
            "score": 0.06525757163763046
        },
        {
            "image_id": 4,
            "id": 175,
            "category_id": 0,
            "bbox": [
                115.32546997070312,
                972.8057861328125,
                18.54229736328125,
                18.444091796875
            ],
            "area": 341.99583469331264,
            "iscrowd": 0,
            "score": 0.052757877856492996
        }
    ]
}